id,fecha,monto,usuario_registra,usuario_aprueba,umbral_aprobacion
D00001,2025-07-10,4675.32,u023,u057,15000
D00002,2025-10-20,310.69,u077,u069,15000
D00003,2025-12-27,1341.81,u084,u049,15000
D00004,2025-04-18,16598.93,u006,u006,15000
D00005,2025-06-06,2920.55,u030,u055,15000
D00006,2025-02-11,45981.49,u002,u026,15000
D00007,2025-12-28,541.92,u015,u059,15000
D00008,2025-05-09,4230.88,u036,u055,15000
D00009,2025-11-15,3844.4,u056,u018,15000
D00010,2025-09-25,25805.42,u064,u084,15000
D00011,2025-11-07,4576.66,x005,u070,15000
D00012,2025-09-23,5717.27,u081,u022,15000
D00013,2025-09-01,3245.1,u052,u029,15000
D00014,2025-09-12,8047.73,u004,u065,15000
D00015,2025-08-14,2317.98,u042,u080,15000
D00016,2025-12-26,1586.66,u022,u015,15000
D00017,2025-09-05,12888.26,u013,u079,15000
D00018,2025-11-22,1373.53,u052,u083,15000
D00019,2025-09-23,2425.94,u039,u069,15000
D00020,2025-10-11,70147.16,u003,u003,15000
D00021,2025-04-01,11796.68,u050,u031,15000
D00022,2025-03-20,5829.89,u068,u079,15000
D00023,2025-09-27,1944.98,u088,u010,15000
D00024,2025-02-20,1584.73,u089,u046,15000
D00025,2025-09-11,20896.89,u063,u032,15000
D00026,2025-09-04,3535.98,u046,u057,15000
D00027,2025-11-20,25448.53,u058,u023,15000
D00028,2025-08-06,17155.78,u078,u027,15000
D00029,2025-03-22,5074.59,u018,u080,15000
D00030,2025-02-07,2246.51,u003,x004,15000
D00031,2025-02-19,2454.31,u081,u023,15000
D00032,2025-12-04,9474.11,u077,u006,15000
D00033,2025-11-20,3855.93,u017,u087,15000
D00034,2025-09-21,19216.36,u064,u038,15000
D00035,2025-12-24,28908.89,u006,u038,15000
D00036,2025-11-03,469.48,u065,u032,15000
D00037,2025-08-01,13716.51,u008,u016,15000
D00038,2025-06-09,3928.98,x001,u060,15000
D00039,2025-04-13,3303.36,u038,u018,15000
D00040,2025-01-25,9076.2,u026,u006,15000
D00041,2025-02-11,2577.88,u020,u036,15000
D00042,2025-03-20,1301.39,u087,u022,15000
D00043,2025-04-18,627.79,u047,u006,15000
D00044,2025-03-28,19574.5,u067,u053,15000
D00045,2025-12-27,6001.86,u073,u044,15000
D00046,2025-10-23,2547.45,u034,u027,15000
D00047,2025-08-27,16012.42,u080,u067,15000
D00048,2025-12-09,21625.38,x001,u031,15000
D00049,2025-02-07,1865.11,u041,u085,15000
D00050,2025-09-28,1767.86,u002,u067,15000
D00051,2025-06-17,8423.47,u016,u041,15000
D00052,2025-06-03,1864.31,u018,x003,15000
D00053,2025-08-02,5984.77,u047,u029,15000
D00054,2025-01-27,359.2,u083,u018,15000
D00055,2025-11-06,22045.32,u039,u044,15000
D00056,2025-06-27,6198.57,u005,u040,15000
D00057,2025-12-24,6787.61,u052,u056,15000
D00058,2025-05-16,3157.87,u004,u013,15000
D00059,2025-03-28,5333.86,u074,u046,15000
D00060,2025-02-23,4476.68,u040,u006,15000
D00061,2025-02-05,7624.06,x001,u075,15000
D00062,2025-02-23,8450.6,u050,u089,15000
D00063,2025-06-26,2852.71,u046,u023,15000
D00064,2025-09-28,6424.07,u081,u071,15000
D00065,2025-01-14,3135.03,u060,u014,15000
D00066,2025-04-04,11350.36,u086,u053,15000
D00067,2025-04-06,8086.27,u089,u022,15000
D00068,2025-05-23,26528.67,u014,u036,15000
D00069,2025-04-16,10115.51,u073,u022,15000
D00070,2025-02-26,1750.07,u023,u002,15000
D00071,2025-01-01,7232.86,u062,u028,15000
D00072,2025-10-12,3277.1,u012,u046,15000
D00073,2025-11-28,1150.09,u034,u088,15000
D00074,2025-06-18,7537.93,x006,u026,15000
D00075,2025-11-19,1392.46,u026,x006,15000
D00076,2025-05-07,3876.67,x006,u014,15000
D00077,2025-05-14,793.2,u061,u076,15000
D00078,2025-02-25,6101.1,u003,u027,15000
D00079,2025-11-17,3676.76,u046,u028,15000
D00080,2025-09-26,7124.48,u035,u073,15000
D00081,2025-11-04,72004.16,u026,u059,15000
D00082,2025-08-25,6795.54,u064,u005,15000
D00083,2025-01-07,1636.98,u014,u001,15000
D00084,2025-07-09,33191.22,u066,x001,15000
D00085,2025-04-13,619.1,u070,u079,15000
D00086,2025-06-15,2192.38,u084,u043,15000
D00087,2025-11-12,4685.68,u008,u030,15000
D00088,2025-07-12,3885.06,u085,u078,15000
D00089,2025-01-05,18456.01,u031,u016,15000
D00090,2025-01-09,8332.48,u079,u075,15000
D00091,2025-01-13,12228.04,u024,u035,15000
D00092,2025-02-02,7047.23,u086,u076,15000
D00093,2025-03-26,14571.17,u009,u010,15000
D00094,2025-04-17,766.9,u078,u028,15000
D00095,2025-10-20,4924.83,u050,u068,15000
D00096,2025-09-03,15435.89,u010,u053,15000
D00097,2025-12-07,6467.13,u077,u078,15000
D00098,2025-12-06,4970.11,u070,u043,15000
D00099,2025-07-23,2112.92,u054,u052,15000
D00100,2025-05-04,1380.66,u058,u055,15000
D00101,2025-08-02,12252.7,u048,u027,15000
D00102,2025-01-06,7428.42,u073,u070,15000
D00103,2025-09-06,13725.39,u020,u073,15000
D00104,2025-11-12,9299.48,u052,u068,15000
D00105,2025-10-15,2109.42,u040,u067,15000
D00106,2025-12-20,1458.61,u034,u070,15000
D00107,2025-06-05,12002.61,u018,u012,15000
D00108,2025-02-25,11010.95,u067,u054,15000
D00109,2025-06-01,4157.88,u084,u050,15000
D00110,2025-01-08,13111.26,u004,u087,15000
D00111,2025-07-22,7772.95,u016,u048,15000
D00112,2025-02-05,8774.38,u066,u076,15000
D00113,2025-08-10,1573.86,u072,u036,15000
D00114,2025-01-20,5588.29,u047,u066,15000
D00115,2025-11-06,10053.42,u014,u053,15000
D00116,2025-01-16,6506.51,u077,u045,15000
D00117,2025-04-14,362.03,u071,x004,15000
D00118,2025-04-10,1058.41,u080,u005,15000
D00119,2025-05-08,6276.54,u047,u043,15000
D00120,2025-03-24,1029.95,u057,u013,15000
D00121,2025-05-08,11530.5,u013,x002,15000
D00122,2025-05-11,15770.81,u021,u064,15000
D00123,2025-08-12,421.86,u083,u090,15000
D00124,2025-04-20,4637.1,u045,u034,15000
D00125,2025-08-02,5306.12,u040,u073,15000
D00126,2025-11-20,9823.85,u034,u078,15000
D00127,2025-07-07,8993.58,u076,u090,15000
D00128,2025-05-25,1044.84,u050,u063,15000
D00129,2025-01-16,17925.66,u047,u043,15000
D00130,2025-11-05,2398.88,x004,u089,15000
D00131,2025-11-07,1109.55,u034,u051,15000
D00132,2025-02-25,5113.15,u010,u084,15000
D00133,2025-01-17,7689.52,u025,u082,15000
D00134,2025-02-21,5373.71,u028,u054,15000
D00135,2025-09-13,1179.54,x004,u025,15000
D00136,2025-11-09,12958.26,x003,u032,15000
D00137,2025-12-26,12152.76,u044,u005,15000
D00138,2025-05-17,5747.51,u024,u067,15000
D00139,2025-03-20,5791.11,u032,u024,15000
D00140,2025-03-22,920.31,x006,u004,15000
D00141,2025-03-25,658.7,x002,u037,15000
D00142,2025-06-03,5065.08,x006,u053,15000
D00143,2025-04-13,4398.39,u030,u046,15000
D00144,2025-10-23,74382.47,x006,u076,15000
D00145,2025-12-15,9464.71,u032,u061,15000
D00146,2025-11-18,4056.56,u022,u067,15000
D00147,2025-12-21,3495.43,u005,u071,15000
D00148,2025-08-15,25267.61,u055,x004,15000
D00149,2025-11-06,4503.62,u058,u055,15000
D00150,2025-12-12,20151.75,x006,u019,15000
D00151,2025-11-02,10319.19,u021,u062,15000
D00152,2025-09-21,1688.94,u032,u073,15000
D00153,2025-05-04,1079.72,u049,u089,15000
D00154,2025-11-25,2561.68,u033,u068,15000
D00155,2025-06-02,14331.08,u044,u054,15000
D00156,2025-06-13,1954.38,u034,u012,15000
D00157,2025-10-18,11907.96,u044,u062,15000
D00158,2025-08-27,2612.9,u088,u025,15000
D00159,2025-01-18,18425.05,u012,u050,15000
D00160,2025-02-01,5125.17,u045,u069,15000
D00161,2025-03-11,2330.53,u038,u014,15000
D00162,2025-12-21,10364.89,u062,u040,15000
D00163,2025-09-26,23859.31,u003,u068,15000
D00164,2025-08-25,105906.68,u032,u059,15000
D00165,2025-01-27,2312.23,u083,u063,15000
D00166,2025-03-07,740.27,u002,u047,15000
D00167,2025-12-22,3682.25,u031,u038,15000
D00168,2025-11-05,4444.84,u086,u041,15000
D00169,2025-10-10,20858.97,u021,u044,15000
D00170,2025-11-03,4173.29,u018,u073,15000
D00171,2025-04-15,11565.4,u056,u026,15000
D00172,2025-10-18,1111.03,u011,u036,15000
D00173,2025-06-03,6269.74,u086,u070,15000
D00174,2025-03-12,8328.54,u003,u086,15000
D00175,2025-07-08,9580.79,u011,u008,15000
D00176,2025-03-07,1010.61,u043,u047,15000
D00177,2025-11-28,6634.26,u051,u045,15000
D00178,2025-12-24,13026.84,u008,u010,15000
D00179,2025-05-11,3438.57,u070,u028,15000
D00180,2025-05-28,10965.19,u081,u056,15000
D00181,2025-10-13,1795.57,u075,u014,15000
D00182,2025-09-12,49591.97,u033,u006,15000
D00183,2025-07-10,3451.05,u029,u031,15000
D00184,2025-03-13,1530.74,u084,u022,15000
D00185,2025-12-08,2321.13,u006,u077,15000
D00186,2025-10-15,8247.21,u083,u085,15000
D00187,2025-04-04,15455.21,u066,u017,15000
D00188,2025-01-03,1241.5,u057,u030,15000
D00189,2025-07-08,971.86,u084,u025,15000
D00190,2025-02-07,4103.31,u003,u087,15000
D00191,2025-03-13,3794.5,u054,u049,15000
D00192,2025-06-02,938.63,u017,u041,15000
D00193,2025-04-15,6584.13,u077,u024,15000
D00194,2025-12-04,26270.08,u083,u021,15000
D00195,2025-12-15,937.85,u017,u021,15000
D00196,2025-08-08,1676.33,u027,u087,15000
D00197,2025-10-23,2676.35,u043,u035,15000
D00198,2025-05-26,51416.3,u029,u024,15000
D00199,2025-01-17,4470.93,u043,u051,15000
D00200,2025-03-03,5466.48,u004,u029,15000
D00201,2025-04-17,7558.39,u074,u040,15000
D00202,2025-06-28,4016.6,u004,u008,15000
D00203,2025-06-03,10168.64,u042,u015,15000
D00204,2025-06-01,21023.47,u090,u022,15000
D00205,2025-07-08,43859.75,u085,u033,15000
D00206,2025-11-19,68844.14,u037,x004,15000
D00207,2025-03-23,2597.16,u039,x005,15000
D00208,2025-01-01,1558.82,u013,u077,15000
D00209,2025-11-02,7555.67,u038,u054,15000
D00210,2025-09-13,4715.09,u022,u087,15000
D00211,2025-01-10,2239.05,u048,u051,15000
D00212,2025-09-13,3711.3,u088,u061,15000
D00213,2025-04-12,1534.06,u042,u028,15000
D00214,2025-08-21,1966.92,u046,x003,15000
D00215,2025-08-20,13820.92,u059,u018,15000
D00216,2025-09-08,3013.25,u019,u056,15000
D00217,2025-07-06,6662.26,u080,u012,15000
D00218,2025-11-16,7047.93,u077,u021,15000
D00219,2025-11-12,1153.58,u026,x005,15000
D00220,2025-03-16,8387.3,u070,u053,15000
D00221,2025-04-10,6101.48,u019,u081,15000
D00222,2025-09-13,4619.12,u070,u053,15000
D00223,2025-09-20,4117.54,u056,u025,15000
D00224,2025-12-05,6089.59,u078,u009,15000
D00225,2025-03-22,16384.48,u087,u046,15000
D00226,2025-04-08,5969.29,u024,u049,15000
D00227,2025-02-04,21472.04,u073,u087,15000
D00228,2025-12-01,18777.61,u075,u005,15000
D00229,2025-08-11,8868.81,u042,u089,15000
D00230,2025-04-05,2066.87,u054,u069,15000
D00231,2025-05-14,624.97,u080,u006,15000
D00232,2025-03-16,520.02,u090,u022,15000
D00233,2025-02-13,10502.26,u006,u060,15000
D00234,2025-05-13,67909.29,u063,u006,15000
D00235,2025-05-01,13518.02,u060,u020,15000
D00236,2025-11-25,3962.95,u005,u041,15000
D00237,2025-08-05,880.6,u052,u048,15000
D00238,2025-07-09,21902.99,u005,u088,15000
D00239,2025-08-05,2946.59,u053,u069,15000
D00240,2025-02-28,3653.73,u006,u037,15000
D00241,2025-05-13,30387.8,u007,u037,15000
D00242,2025-05-11,4571.08,x006,u051,15000
D00243,2025-04-16,2212.33,u018,x001,15000
D00244,2025-06-18,19267.45,u051,u089,15000
D00245,2025-05-13,9210.37,u019,u087,15000
D00246,2025-06-03,1656.84,u089,u037,15000
D00247,2025-10-03,2770.97,u038,u005,15000
D00248,2025-02-18,36270.0,u017,u046,15000
D00249,2025-12-07,4002.34,u045,u036,15000
D00250,2025-08-03,34707.23,u068,u046,15000
D00251,2025-11-22,13158.42,u059,u047,15000
D00252,2025-09-10,1678.04,u080,u038,15000
D00253,2025-08-10,1027.95,u020,u064,15000
D00254,2025-09-10,6418.52,u090,u079,15000
D00255,2025-11-23,1837.27,u006,u071,15000
D00256,2025-03-26,11938.93,u015,u054,15000
D00257,2025-12-01,913.98,u010,u052,15000
D00258,2025-09-01,19500.37,u077,u006,15000
D00259,2025-12-21,53675.4,u022,u002,15000
D00260,2025-04-11,6604.54,u022,u072,15000
D00261,2025-07-08,21184.26,u014,u072,15000
D00262,2025-09-05,10929.24,u010,u084,15000
D00263,2025-05-17,16218.41,u037,x005,15000
D00264,2025-12-16,11935.87,u057,u045,15000
D00265,2025-02-07,1231.85,u083,u072,15000
D00266,2025-08-23,26827.83,u073,u076,15000
D00267,2025-11-16,5204.81,u010,u014,15000
D00268,2025-10-11,10997.96,u007,u003,15000
D00269,2025-09-07,2847.55,u004,u058,15000
D00270,2025-08-07,6466.28,u051,u013,15000
D00271,2025-09-25,74852.62,u076,u084,15000
D00272,2025-12-24,4723.46,u076,u018,15000
D00273,2025-09-22,5904.8,u007,u072,15000
D00274,2025-06-07,4870.42,u031,u053,15000
D00275,2025-01-23,979.85,u012,u083,15000
D00276,2025-02-22,59035.54,u033,u083,15000
D00277,2025-03-12,9051.33,u029,u088,15000
D00278,2025-01-09,3606.72,u087,u043,15000
D00279,2025-11-16,2952.14,u069,u004,15000
D00280,2025-04-05,8249.12,u070,u001,15000
D00281,2025-07-24,31134.62,u022,u003,15000
D00282,2025-06-11,1206.92,u083,u006,15000
D00283,2025-03-22,12394.41,u059,u051,15000
D00284,2025-09-18,3478.42,u064,u038,15000
D00285,2025-04-04,7798.82,u053,u087,15000
D00286,2025-02-12,8173.24,x004,u047,15000
D00287,2025-11-12,1853.07,u021,u052,15000
D00288,2025-03-17,5772.27,u037,u052,15000
D00289,2025-08-25,10114.04,u054,u036,15000
D00290,2025-11-27,2525.44,u073,u022,15000
D00291,2025-02-19,5950.65,u041,u066,15000
D00292,2025-06-06,3476.41,u023,u055,15000
D00293,2025-10-17,10689.69,u048,u079,15000
D00294,2025-01-25,2763.56,u083,u074,15000
D00295,2025-10-10,2047.57,u089,u074,15000
D00296,2025-03-24,13103.5,u066,u037,15000
D00297,2025-02-16,9788.7,x004,u080,15000
D00298,2025-11-14,5292.67,u018,u066,15000
D00299,2025-09-12,2230.51,u051,u038,15000
D00300,2025-01-22,4486.15,x001,u004,15000
D00301,2025-04-16,3676.96,u026,x004,15000
D00302,2025-10-01,3551.47,u004,x002,15000
D00303,2025-01-24,3323.45,u053,u018,15000
D00304,2025-04-21,5789.06,u018,x002,15000
D00305,2025-12-25,5719.51,u081,u060,15000
D00306,2025-07-02,478.59,u018,x006,15000
D00307,2025-09-07,7581.33,x001,u029,15000
D00308,2025-10-24,8642.68,u042,u046,15000
D00309,2025-04-25,7631.81,u001,u007,15000
D00310,2025-08-26,19308.73,u059,u087,15000
D00311,2025-07-14,17432.55,x004,u037,15000
D00312,2025-01-25,7291.09,u047,u075,15000
D00313,2025-11-14,2617.97,u055,u043,15000
D00314,2025-03-16,44427.76,u038,u044,15000
D00315,2025-04-04,12296.54,u030,u070,15000
D00316,2025-01-08,17703.38,u086,u021,15000
D00317,2025-01-06,6486.03,u059,u003,15000
D00318,2025-09-28,2248.36,u086,x001,15000
D00319,2025-01-15,7013.71,u010,u042,15000
D00320,2025-10-08,14416.47,u018,u060,15000
D00321,2025-05-06,22813.91,x005,u044,15000
D00322,2025-03-12,10437.11,u039,u035,15000
D00323,2025-08-21,460.8,u070,u037,15000
D00324,2025-03-05,1366.7,u012,u034,15000
D00325,2025-03-09,16077.24,u003,u055,15000
D00326,2025-02-04,6869.77,u005,u022,15000
D00327,2025-09-26,17906.85,u042,u020,15000
D00328,2025-04-28,6583.51,u010,u048,15000
D00329,2025-10-23,1946.19,u026,u010,15000
D00330,2025-09-21,14046.42,u004,u083,15000
D00331,2025-10-28,9518.99,u028,u031,15000
D00332,2025-02-07,1952.65,u060,u054,15000
D00333,2025-11-27,5535.86,u044,u037,15000
D00334,2025-02-05,12362.9,u054,u011,15000
D00335,2025-05-27,1696.42,u019,u018,15000
D00336,2025-07-21,9997.62,u017,u071,15000
D00337,2025-08-15,6085.3,u049,u038,15000
D00338,2025-02-26,1324.95,u018,x005,15000
D00339,2025-02-17,6121.55,u058,u046,15000
D00340,2025-04-17,12631.98,x006,u068,15000
D00341,2025-03-23,10249.85,u020,u056,15000
D00342,2025-08-21,3209.3,u075,u009,15000
D00343,2025-06-13,435.06,u053,u025,15000
D00344,2025-06-05,2857.68,u019,u026,15000
D00345,2025-04-12,4797.31,u048,x002,15000
D00346,2025-11-05,4125.87,u050,u017,15000
D00347,2025-06-28,21063.63,u075,u005,15000
D00348,2025-05-08,1894.9,u042,u074,15000
D00349,2025-08-09,3703.97,u082,u066,15000
D00350,2025-07-24,7720.96,u076,u077,15000
D00351,2025-01-01,2571.29,u042,u081,15000
D00352,2025-08-12,6151.26,u046,u004,15000
D00353,2025-03-24,1193.64,u074,u036,15000
D00354,2025-07-20,27371.3,u082,u005,15000
D00355,2025-01-28,1978.37,u072,u079,15000
D00356,2025-05-08,21329.31,u089,x004,15000
D00357,2025-02-07,57733.18,u055,x004,15000
D00358,2025-09-12,30857.58,u007,u011,15000
D00359,2025-06-17,3166.53,u039,u048,15000
D00360,2025-01-02,6102.48,u001,u059,15000
D00361,2025-10-02,3337.82,u070,u036,15000
D00362,2025-06-05,1668.92,u019,u045,15000
D00363,2025-05-15,2807.82,u047,u009,15000
D00364,2025-02-22,4984.9,u085,u020,15000
D00365,2025-12-09,1760.63,u022,u070,15000
D00366,2025-04-21,23944.24,u006,x005,15000
D00367,2025-12-10,1632.41,u058,u045,15000
D00368,2025-05-12,776.86,u002,u056,15000
D00369,2025-12-06,11095.97,u002,u044,15000
D00370,2025-07-20,4724.63,u021,u025,15000
D00371,2025-09-08,4799.82,u088,x001,15000
D00372,2025-08-17,1416.73,u025,u085,15000
D00373,2025-10-15,1933.53,u037,u077,15000
D00374,2025-06-26,29294.96,u060,u024,15000
D00375,2025-01-28,6925.74,u072,u029,15000
D00376,2025-02-02,1494.78,u028,u072,15000
D00377,2025-05-12,17665.56,u083,u028,15000
D00378,2025-10-04,5145.63,u043,u015,15000
D00379,2025-01-19,6856.26,u051,u062,15000
D00380,2025-12-27,5639.27,u008,u078,15000
D00381,2025-02-20,11713.81,u036,x005,15000
D00382,2025-11-24,11966.68,u061,x004,15000
D00383,2025-01-06,5292.99,x005,u013,15000
D00384,2025-01-14,6382.34,u020,u001,15000
D00385,2025-08-03,13464.81,u072,u020,15000
D00386,2025-03-20,1498.26,u006,u055,15000
D00387,2025-03-21,2418.6,u034,u043,15000
D00388,2025-06-26,23288.11,u038,u036,15000
D00389,2025-11-22,34062.5,u004,u024,15000
D00390,2025-08-11,3420.48,u035,u052,15000
D00391,2025-07-21,8776.59,u046,u029,15000
D00392,2025-06-23,3349.53,u044,u086,15000
D00393,2025-02-28,11219.36,u020,u069,15000
D00394,2025-01-01,1739.97,u066,u060,15000
D00395,2025-10-13,6559.39,u038,u016,15000
D00396,2025-02-05,8912.93,u019,u077,15000
D00397,2025-05-14,929.99,u037,u048,15000
D00398,2025-09-24,12015.32,u056,u033,15000
D00399,2025-07-02,2230.11,u007,u001,15000
D00400,2025-04-01,2514.42,u016,u083,15000
D00401,2025-11-22,11821.25,u005,u055,15000
D00402,2025-10-12,11984.81,u074,u057,15000
D00403,2025-01-08,12773.21,u039,u085,15000
D00404,2025-09-05,5358.85,u018,u071,15000
D00405,2025-06-01,6603.82,u011,u061,15000
D00406,2025-04-23,2249.31,u078,u065,15000
D00407,2025-03-07,164.59,u007,u062,15000
D00408,2025-01-17,2325.35,u061,u084,15000
D00409,2025-01-19,1980.76,u088,u062,15000
D00410,2025-05-06,31168.86,u051,u046,15000
D00411,2025-05-04,968.63,u038,u013,15000
D00412,2025-07-12,18232.26,u033,u037,15000
D00413,2025-04-08,3675.22,u050,u016,15000
D00414,2025-05-14,7373.45,u001,u048,15000
D00415,2025-11-13,15207.39,u056,u007,15000
D00416,2025-09-17,4982.07,u073,u048,15000
D00417,2025-05-14,209.71,u006,u027,15000
D00418,2025-06-28,7761.86,u086,u009,15000
D00419,2025-01-04,9623.55,u042,u074,15000
D00420,2025-06-16,9776.1,u019,u058,15000
D00421,2025-09-23,1124.72,u003,u034,15000
D00422,2025-07-18,13549.28,u059,x003,15000
D00423,2025-04-17,10454.53,u043,u022,15000
D00424,2025-11-22,1745.17,u010,u019,15000
D00425,2025-02-05,617.83,u086,u073,15000
D00426,2025-01-26,3955.41,u037,u055,15000
D00427,2025-04-09,849.18,u036,u027,15000
D00428,2025-07-12,10110.16,u081,u014,15000
D00429,2025-04-24,1825.32,u079,u087,15000
D00430,2025-04-12,8496.47,u008,u078,15000
D00431,2025-10-08,13811.59,u058,x006,15000
D00432,2025-08-15,12576.68,u084,u086,15000
D00433,2025-02-22,2627.51,x004,u059,15000
D00434,2025-07-10,11817.89,u053,u017,15000
D00435,2025-02-08,47730.25,u016,u002,15000
D00436,2025-08-19,62956.55,u039,u003,15000
D00437,2025-03-06,678.26,x002,x005,15000
D00438,2025-05-20,4107.17,u022,u054,15000
D00439,2025-12-17,78435.41,u087,u050,15000
D00440,2025-02-16,760.98,u070,u058,15000
D00441,2025-01-09,15902.11,u025,x004,15000
D00442,2025-12-18,53799.75,x005,u024,15000
D00443,2025-10-08,16548.2,u017,u007,15000
D00444,2025-05-18,11600.28,u034,u075,15000
D00445,2025-02-21,4478.31,u059,u012,15000
D00446,2025-05-27,2648.26,u034,u071,15000
D00447,2025-03-24,3577.52,u059,u087,15000
D00448,2025-02-04,3367.1,u081,x005,15000
D00449,2025-08-23,3579.78,u046,u021,15000
D00450,2025-06-28,4860.93,u046,u085,15000
D00451,2025-03-27,9075.01,u060,u027,15000
D00452,2025-05-21,2788.86,u042,u019,15000
D00453,2025-04-10,35533.14,u059,u012,15000
D00454,2025-01-28,2491.24,u042,u011,15000
D00455,2025-03-09,2605.76,u077,u025,15000
D00456,2025-10-19,3363.06,u037,u013,15000
D00457,2025-04-06,7174.49,u021,u074,15000
D00458,2025-09-19,6649.15,u014,u086,15000
D00459,2025-03-17,6110.91,u027,u051,15000
D00460,2025-04-18,3439.45,u037,u032,15000
D00461,2025-08-01,4782.89,u003,u078,15000
D00462,2025-11-21,11304.31,u072,u077,15000
D00463,2025-06-05,4334.49,u003,x005,15000
D00464,2025-07-04,22710.81,u004,u089,15000
D00465,2025-04-25,9781.46,u020,u015,15000
D00466,2025-01-18,38556.89,u077,u054,15000
D00467,2025-12-24,12233.52,u030,u081,15000
D00468,2025-08-01,8782.27,u073,u040,15000
D00469,2025-04-18,1998.56,u081,u082,15000
D00470,2025-10-06,3234.77,u007,u063,15000
D00471,2025-07-08,4650.74,u088,u071,15000
D00472,2025-02-02,6377.47,u055,u049,15000
D00473,2025-11-09,20138.39,u031,u044,15000
D00474,2025-10-15,7521.06,u052,u066,15000
D00475,2025-01-18,1709.24,u071,u033,15000
D00476,2025-05-08,57193.85,u049,u057,15000
D00477,2025-06-25,1903.82,u006,u042,15000
D00478,2025-01-07,12366.08,u063,u059,15000
D00479,2025-07-25,7566.93,u049,u056,15000
D00480,2025-09-15,4909.7,u026,u013,15000
D00481,2025-05-06,1826.4,x001,u057,15000
D00482,2025-07-13,1817.89,u028,x003,15000
D00483,2025-03-22,2294.98,u078,u018,15000
D00484,2025-06-10,608.6,u003,x005,15000
D00485,2025-01-11,4297.67,u050,u085,15000
D00486,2025-08-23,1700.84,u042,u067,15000
D00487,2025-09-16,5012.34,u061,u008,15000
D00488,2025-01-20,10673.43,u025,u086,15000
D00489,2025-09-06,19098.96,u075,u060,15000
D00490,2025-11-13,3766.01,u047,u030,15000
D00491,2025-12-11,31206.75,u015,u005,15000
D00492,2025-06-22,4140.06,u023,u053,15000
D00493,2025-07-02,8918.16,u034,u047,15000
D00494,2025-12-25,7168.14,u012,u041,15000
D00495,2025-11-13,2497.63,u007,u075,15000
D00496,2025-11-25,720.5,u030,x001,15000
D00497,2025-06-11,3075.53,u013,u074,15000
D00498,2025-01-04,12790.43,u048,u031,15000
D00499,2025-07-06,15236.82,u058,u017,15000
D00500,2025-07-21,1363.03,u045,u032,15000
D00501,2025-06-01,1665.87,u062,u051,15000
D00502,2025-12-22,3032.63,x004,u084,15000
D00503,2025-04-06,1584.82,u081,u020,15000
D00504,2025-04-10,5889.31,x004,u059,15000
D00505,2025-09-08,2066.64,u013,u067,15000
D00506,2025-08-09,9266.95,u070,u090,15000
D00507,2025-09-04,467.02,u078,u090,15000
D00508,2025-11-12,10181.6,u061,u073,15000
D00509,2025-07-21,3368.41,u009,u011,15000
D00510,2025-07-22,52099.65,x006,u044,15000
D00511,2025-06-11,23412.35,u074,u025,15000
D00512,2025-07-17,5056.52,u076,x003,15000
D00513,2025-06-05,29285.96,u081,u015,15000
D00514,2025-03-09,4208.18,u079,u036,15000
D00515,2025-11-18,751.36,u038,u035,15000
D00516,2025-03-09,815.87,u087,u007,15000
D00517,2025-03-02,45529.42,u013,u026,15000
D00518,2025-01-13,34428.74,u014,u089,15000
D00519,2025-04-23,7277.42,x003,u015,15000
D00520,2025-08-02,17337.59,u001,x004,15000
D00521,2025-01-22,886.59,u075,u028,15000
D00522,2025-11-01,4135.78,u051,u040,15000
D00523,2025-07-16,6585.55,u018,u082,15000
D00524,2025-08-07,1918.12,u048,u067,15000
D00525,2025-03-18,3606.96,u020,u068,15000
D00526,2025-01-23,5287.62,u042,u012,15000
D00527,2025-10-07,17664.41,u033,x005,15000
D00528,2025-04-07,10704.06,u019,u033,15000
D00529,2025-04-09,11050.69,u039,u043,15000
D00530,2025-09-25,14907.37,u065,u061,15000
D00531,2025-04-23,2339.52,u052,u030,15000
D00532,2025-05-22,4350.4,u072,u042,15000
D00533,2025-09-19,6584.01,u056,x002,15000
D00534,2025-10-02,2781.63,u078,x003,15000
D00535,2025-12-20,33917.56,u024,u032,15000
D00536,2025-03-17,18638.81,u065,u006,15000
D00537,2025-09-19,3181.23,u086,u004,15000
D00538,2025-12-22,28595.04,u081,u082,15000
D00539,2025-03-19,3967.67,u043,u065,15000
D00540,2025-08-28,14322.28,u005,u072,15000
D00541,2025-05-25,1333.81,u054,u075,15000
D00542,2025-01-01,1322.9,u053,u055,15000
D00543,2025-02-04,5312.55,u058,u003,15000
D00544,2025-02-15,7106.43,u045,u058,15000
D00545,2025-01-06,862.62,u001,u049,15000
D00546,2025-02-12,3280.02,u064,u088,15000
D00547,2025-06-26,1116.4,u034,x001,15000
D00548,2025-05-25,3488.47,u041,u072,15000
D00549,2025-04-24,5652.72,u055,u051,15000
D00550,2025-04-10,1138.41,u090,u057,15000
D00551,2025-04-20,13747.56,u046,u014,15000
D00552,2025-10-11,728.39,u066,u059,15000
D00553,2025-11-02,4379.18,u034,u066,15000
D00554,2025-03-19,2189.26,u007,u033,15000
D00555,2025-08-16,17168.05,u077,u071,15000
D00556,2025-12-01,9198.84,u051,u011,15000
D00557,2025-02-02,2330.99,u055,u089,15000
D00558,2025-02-18,1947.44,u034,u068,15000
D00559,2025-01-15,10718.18,u034,u035,15000
D00560,2025-09-01,5476.61,u022,u005,15000
D00561,2025-01-04,7943.97,u068,u051,15000
D00562,2025-09-17,4475.53,u039,u076,15000
D00563,2025-10-24,10312.3,u038,u077,15000
D00564,2025-03-10,4958.7,u002,u017,15000
D00565,2025-10-16,3903.65,u089,u018,15000
D00566,2025-01-04,654.82,u024,u038,15000
D00567,2025-08-01,12904.78,u070,u072,15000
D00568,2025-12-04,6696.25,u037,u036,15000
D00569,2025-08-08,2437.18,u080,x005,15000
D00570,2025-03-06,2676.87,u040,u007,15000
D00571,2025-05-18,13671.91,u055,u077,15000
D00572,2025-04-05,8507.57,u025,u059,15000
D00573,2025-07-13,6907.86,u058,u025,15000
D00574,2025-05-10,23372.65,u070,u043,15000
D00575,2025-02-18,2989.35,x003,u050,15000
D00576,2025-09-10,7823.36,u033,u060,15000
D00577,2025-07-28,2576.09,u002,u032,15000
D00578,2025-07-01,69387.16,u013,u033,15000
D00579,2025-09-03,5754.75,x002,u002,15000
D00580,2025-06-10,3167.47,u027,u040,15000
D00581,2025-06-19,1116.7,u027,u068,15000
D00582,2025-07-21,9077.68,u070,u008,15000
D00583,2025-12-28,2789.0,u058,u045,15000
D00584,2025-05-01,20978.61,u066,u019,15000
D00585,2025-06-14,21812.9,u081,u082,15000
D00586,2025-02-03,558.79,u044,u071,15000
D00587,2025-08-23,6755.96,u009,u032,15000
D00588,2025-03-01,2749.2,x004,u024,15000
D00589,2025-11-02,3171.89,u004,u005,15000
D00590,2025-12-07,9035.6,u075,x002,15000
D00591,2025-06-05,9334.0,u011,u070,15000
D00592,2025-04-11,6226.51,u045,u040,15000
D00593,2025-08-07,3188.14,u081,u064,15000
D00594,2025-06-24,3635.76,u006,u067,15000
D00595,2025-11-17,20992.2,u051,u030,15000
D00596,2025-04-24,6831.78,u013,x003,15000
D00597,2025-03-28,4145.41,u045,u072,15000
D00598,2025-01-09,7233.73,u012,u089,15000
D00599,2025-02-26,2463.7,u036,u013,15000
D00600,2025-08-27,10010.22,u069,u073,15000
D00601,2025-03-03,885.96,u018,u024,15000
D00602,2025-06-10,6168.73,u081,u066,15000
D00603,2025-01-03,3546.24,u034,u043,15000
D00604,2025-02-28,3588.92,u020,x001,15000
D00605,2025-08-08,8767.71,u003,u090,15000
D00606,2025-08-23,7385.16,u020,u072,15000
D00607,2025-02-07,3541.75,u032,u061,15000
D00608,2025-06-28,3247.09,u026,u075,15000
D00609,2025-11-23,10795.59,u056,u066,15000
D00610,2025-11-18,17562.65,u019,u060,15000
D00611,2025-09-05,3982.19,u050,u024,15000
D00612,2025-04-01,4539.6,x004,u001,15000
D00613,2025-09-23,1324.01,u070,u037,15000
D00614,2025-04-20,6910.71,u032,u021,15000
D00615,2025-06-23,2715.23,u032,u052,15000
D00616,2025-04-12,37569.65,u018,u003,15000
D00617,2025-08-25,26058.44,u079,u076,15000
D00618,2025-08-27,19370.29,u049,u049,15000
D00619,2025-06-04,8709.37,u054,u036,15000
D00620,2025-05-13,1355.03,u089,u010,15000
D00621,2025-07-17,1438.86,u042,u001,15000
D00622,2025-10-15,583.09,u058,u069,15000
D00623,2025-06-18,2751.12,u033,x001,15000
D00624,2025-02-15,5956.55,u047,u043,15000
D00625,2025-01-21,16339.78,u074,u089,15000
D00626,2025-06-08,23342.82,u022,u076,15000
D00627,2025-10-22,3442.8,u066,u005,15000
D00628,2025-02-15,3325.47,u085,u086,15000
D00629,2025-04-25,47598.08,u027,u039,15000
D00630,2025-08-02,2470.97,u049,u051,15000
D00631,2025-02-26,187.47,u011,u080,15000
D00632,2025-10-06,42415.92,u032,u024,15000
D00633,2025-08-05,1632.48,u071,u033,15000
D00634,2025-08-17,4717.19,u046,u052,15000
D00635,2025-11-07,14012.55,u012,u023,15000
D00636,2025-04-03,6854.67,u066,u016,15000
D00637,2025-06-13,1752.86,u006,u070,15000
D00638,2025-03-17,7983.4,u038,u004,15000
D00639,2025-04-14,4763.97,u080,u090,15000
D00640,2025-07-01,3356.92,u080,u023,15000
D00641,2025-03-26,7197.94,u007,u019,15000
D00642,2025-02-20,4360.67,u061,u088,15000
D00643,2025-11-28,61178.88,u067,u010,15000
D00644,2025-05-21,3152.93,u060,u075,15000
D00645,2025-05-10,1872.8,x004,u021,15000
D00646,2025-12-01,22638.06,u004,u069,15000
D00647,2025-01-23,13393.53,u034,u069,15000
D00648,2025-10-14,12387.77,u025,u017,15000
D00649,2025-12-20,19683.11,u054,u045,15000
D00650,2025-04-05,3004.82,u005,u045,15000
D00651,2025-03-14,3259.71,u076,u080,15000
D00652,2025-03-26,9376.33,u049,u057,15000
D00653,2025-01-14,12667.86,u019,u090,15000
D00654,2025-03-20,5304.45,u090,u064,15000
D00655,2025-03-23,7406.26,u002,u019,15000
D00656,2025-04-27,4836.33,u077,u071,15000
D00657,2025-01-20,2645.49,u029,u068,15000
D00658,2025-06-24,1546.59,u050,u034,15000
D00659,2025-10-10,15471.92,u062,u076,15000
D00660,2025-04-04,3784.1,u077,u086,15000
D00661,2025-02-07,2596.85,u084,u077,15000
D00662,2025-05-18,3542.01,u010,u051,15000
D00663,2025-12-18,10577.0,u072,u048,15000
D00664,2025-08-10,11069.46,u086,u003,15000
D00665,2025-04-03,29244.52,x004,u015,15000
D00666,2025-06-16,7089.11,u005,u002,15000
D00667,2025-06-11,4942.49,u072,u007,15000
D00668,2025-11-19,1916.59,u014,u012,15000
D00669,2025-11-13,3946.06,u011,x002,15000
D00670,2025-02-16,13758.65,u083,u009,15000
D00671,2025-04-15,7353.81,u007,u047,15000
D00672,2025-04-28,1243.79,u048,u008,15000
D00673,2025-07-23,1327.95,u068,u018,15000
D00674,2025-07-11,1812.52,u061,u009,15000
D00675,2025-08-17,12960.76,u076,u020,15000
D00676,2025-12-08,102135.65,u061,u067,15000
D00677,2025-09-06,10746.0,u061,u042,15000
D00678,2025-07-27,1653.37,u088,u089,15000
D00679,2025-11-14,6780.9,u063,u020,15000
D00680,2025-08-17,161160.52,u001,u001,15000
D00681,2025-10-15,11508.08,u033,u049,15000
D00682,2025-06-03,4599.1,u021,u018,15000
D00683,2025-06-19,3887.47,u071,u024,15000
D00684,2025-07-06,19387.26,u078,u075,15000
D00685,2025-02-08,21940.29,u075,u087,15000
D00686,2025-11-14,17518.96,u036,u033,15000
D00687,2025-06-10,2666.35,u046,u066,15000
D00688,2025-11-17,10191.48,x005,u042,15000
D00689,2025-09-19,2441.15,u043,u039,15000
D00690,2025-01-14,2450.3,u004,u063,15000
D00691,2025-08-26,556.09,u042,u023,15000
D00692,2025-11-21,1235.9,u088,u005,15000
D00693,2025-07-01,6988.24,u090,x004,15000
D00694,2025-06-06,2565.72,u055,u003,15000
D00695,2025-07-16,6130.04,x002,u065,15000
D00696,2025-02-15,1466.07,u078,u071,15000
D00697,2025-12-28,4064.35,u007,u049,15000
D00698,2025-02-16,714.79,u060,u029,15000
D00699,2025-05-15,10096.18,u026,u062,15000
D00700,2025-01-20,2492.89,u065,u059,15000
D00701,2025-03-03,1849.78,u022,u009,15000
D00702,2025-03-22,8946.32,u003,u027,15000
D00703,2025-07-02,35564.14,u041,u001,15000
D00704,2025-10-12,22806.13,u072,u084,15000
D00705,2025-02-28,4822.36,x004,u076,15000
D00706,2025-11-19,2714.89,u049,u001,15000
D00707,2025-09-11,9508.26,u068,u080,15000
D00708,2025-07-21,21324.0,u004,u066,15000
D00709,2025-05-12,6333.17,u020,x005,15000
D00710,2025-06-18,25122.77,u088,u044,15000
D00711,2025-02-04,6052.86,u002,u073,15000
D00712,2025-08-18,3057.78,u071,u022,15000
D00713,2025-11-16,18207.6,u035,u062,15000
D00714,2025-01-08,6512.62,u021,x002,15000
D00715,2025-06-18,53756.08,u060,x001,15000
D00716,2025-06-17,5553.01,u025,u018,15000
D00717,2025-11-03,9006.27,u090,u035,15000
D00718,2025-06-12,32401.02,u041,u077,15000
D00719,2025-09-19,4449.88,u061,u025,15000
D00720,2025-02-03,9594.66,u088,u015,15000
D00721,2025-05-28,3721.97,u075,u066,15000
D00722,2025-10-16,4440.39,u086,u073,15000
D00723,2025-03-09,2753.13,x003,u087,15000
D00724,2025-04-28,691.42,u081,u061,15000
D00725,2025-07-24,8352.76,x005,u038,15000
D00726,2025-04-23,326.99,u052,u074,15000
D00727,2025-02-25,32380.01,u030,u083,15000
D00728,2025-07-27,1406.91,u009,u068,15000
D00729,2025-03-14,3305.16,u078,u054,15000
D00730,2025-07-22,137257.19,u011,u066,15000
D00731,2025-01-24,3367.87,u086,u090,15000
D00732,2025-01-11,12683.52,u033,u055,15000
D00733,2025-05-08,21002.07,u023,x001,15000
D00734,2025-10-16,2227.34,u009,u046,15000
D00735,2025-03-14,30234.7,x003,u062,15000
D00736,2025-11-06,541.46,u074,u070,15000
D00737,2025-02-05,4883.84,u015,u052,15000
D00738,2025-04-06,1110.11,u023,u004,15000
D00739,2025-11-20,4795.43,u081,u003,15000
D00740,2025-10-11,6719.95,u018,u078,15000
D00741,2025-07-18,2418.45,u020,u079,15000
D00742,2025-08-19,22380.39,u065,u089,15000
D00743,2025-05-28,11770.63,u018,u039,15000
D00744,2025-01-09,6839.49,u056,u055,15000
D00745,2025-07-23,1720.18,u020,u083,15000
D00746,2025-07-07,646.92,u034,x005,15000
D00747,2025-12-27,4734.96,u001,u074,15000
D00748,2025-04-08,807.61,u085,u055,15000
D00749,2025-04-28,3978.14,u088,u015,15000
D00750,2025-06-27,8502.87,u088,u051,15000
D00751,2025-11-24,3798.29,u090,u036,15000
D00752,2025-12-04,291.4,u030,u011,15000
D00753,2025-04-05,3967.22,u080,u049,15000
D00754,2025-09-11,4678.21,u058,u062,15000
D00755,2025-06-10,3032.8,u021,u064,15000
D00756,2025-02-26,9832.02,u069,u086,15000
D00757,2025-02-07,1240.31,u035,u015,15000
D00758,2025-10-01,4427.03,u021,u041,15000
D00759,2025-10-16,3739.66,u022,u080,15000
D00760,2025-11-24,5949.64,u069,u067,15000
D00761,2025-02-25,9122.63,u047,u005,15000
D00762,2025-05-18,3763.29,u037,u029,15000
D00763,2025-04-18,6234.66,u081,u007,15000
D00764,2025-03-09,2974.72,u069,u006,15000
D00765,2025-07-13,2648.12,u001,u052,15000
D00766,2025-09-17,750.33,u040,x003,15000
D00767,2025-08-10,7449.22,u029,u003,15000
D00768,2025-06-18,1118.73,u039,u056,15000
D00769,2025-08-05,4200.48,u005,u003,15000
D00770,2025-05-05,4944.7,u001,u022,15000
D00771,2025-12-21,1633.77,u052,u072,15000
D00772,2025-11-17,6442.53,u053,u064,15000
D00773,2025-09-27,1777.2,u053,u083,15000
D00774,2025-10-19,2163.61,u015,u030,15000
D00775,2025-07-09,25746.55,u043,u040,15000
D00776,2025-09-21,22440.43,u004,u007,15000
D00777,2025-07-19,1409.41,u086,u002,15000
D00778,2025-04-14,7381.31,u014,u081,15000
D00779,2025-11-19,3321.19,u085,u084,15000
D00780,2025-05-08,2392.93,u014,u083,15000
D00781,2025-07-07,3824.95,u020,u008,15000
D00782,2025-03-04,2080.88,u010,u013,15000
D00783,2025-10-20,3690.49,u067,u071,15000
D00784,2025-12-26,2503.82,u081,u046,15000
D00785,2025-09-27,9533.66,u071,u057,15000
D00786,2025-08-09,2451.35,u088,u027,15000
D00787,2025-09-14,6659.0,u016,u074,15000
D00788,2025-06-13,4914.99,x006,x003,15000
D00789,2025-12-18,5304.7,u001,u004,15000
D00790,2025-07-10,7099.89,u056,u026,15000
D00791,2025-11-22,2265.38,u034,x005,15000
D00792,2025-08-03,3900.18,u074,u010,15000
D00793,2025-08-08,17405.84,u005,u080,15000
D00794,2025-10-13,4711.31,u061,u003,15000
D00795,2025-11-15,825.88,u057,u003,15000
D00796,2025-02-28,4718.14,u009,u072,15000
D00797,2025-12-05,7081.08,u066,u065,15000
D00798,2025-05-08,7466.21,u009,u030,15000
D00799,2025-09-06,3953.74,u055,u005,15000
D00800,2025-01-27,1767.82,u054,u028,15000
D00801,2025-06-04,9076.05,u028,u013,15000
D00802,2025-10-07,3764.63,u069,u076,15000
D00803,2025-04-20,5900.25,u005,u057,15000
D00804,2025-12-26,4718.28,u002,u086,15000
D00805,2025-05-27,22414.41,u015,u066,15000
D00806,2025-02-06,5118.4,u035,u061,15000
D00807,2025-01-05,6803.03,u076,u056,15000
D00808,2025-02-06,3341.37,u060,u070,15000
D00809,2025-12-20,11440.66,u007,u014,15000
D00810,2025-03-18,11509.69,u090,u081,15000
D00811,2025-05-14,2686.02,u042,u014,15000
D00812,2025-11-11,9214.36,u017,u010,15000
D00813,2025-12-05,15527.5,u048,u081,15000
D00814,2025-05-02,24832.12,u054,u013,15000
D00815,2025-12-05,28755.37,u068,u009,15000
D00816,2025-09-22,1966.72,u006,u011,15000
D00817,2025-05-17,1891.52,u057,u043,15000
D00818,2025-09-28,5361.53,u007,u006,15000
D00819,2025-10-18,5480.58,u089,u075,15000
D00820,2025-04-11,4662.44,u052,u060,15000
D00821,2025-07-23,33337.48,u086,u075,15000
D00822,2025-03-14,2604.16,u060,u067,15000
D00823,2025-01-25,1247.32,u065,u031,15000
D00824,2025-08-09,5718.4,u037,u086,15000
D00825,2025-02-20,544.43,u067,u036,15000
D00826,2025-03-10,9492.61,u061,u021,15000
D00827,2025-07-21,10444.98,u013,u053,15000
D00828,2025-10-19,2616.98,u021,u025,15000
D00829,2025-11-16,14041.7,x001,u081,15000
D00830,2025-02-03,4542.74,u033,u040,15000
D00831,2025-08-26,2968.92,u081,u020,15000
D00832,2025-06-22,6033.46,u030,u050,15000
D00833,2025-09-25,24922.23,u037,u044,15000
D00834,2025-02-07,7208.58,u030,u065,15000
D00835,2025-01-21,5682.73,u018,u053,15000
D00836,2025-02-23,9893.99,u061,u066,15000
D00837,2025-05-12,9771.3,u026,u078,15000
D00838,2025-03-11,3140.76,u053,u064,15000
D00839,2025-01-19,11657.53,x003,u078,15000
D00840,2025-08-23,2408.8,u088,u085,15000
D00841,2025-09-18,12751.67,u014,u038,15000
D00842,2025-07-07,20631.53,u004,x002,15000
D00843,2025-03-01,784.9,u014,u080,15000
D00844,2025-01-08,1777.25,u015,x006,15000
D00845,2025-01-05,3325.21,u038,u032,15000
D00846,2025-09-16,10493.86,u081,u059,15000
D00847,2025-08-22,7844.41,u069,u055,15000
D00848,2025-11-16,7328.85,u056,u038,15000
D00849,2025-08-16,6403.64,u042,u043,15000
D00850,2025-01-19,1116.0,u081,u008,15000
D00851,2025-06-24,2373.19,u016,u067,15000
D00852,2025-04-22,9596.78,x005,u042,15000
D00853,2025-01-08,5222.5,u074,u042,15000
D00854,2025-03-06,2026.63,u083,x006,15000
D00855,2025-11-22,11006.59,u046,u036,15000
D00856,2025-03-18,1950.78,u072,u031,15000
D00857,2025-05-03,9553.37,u078,u063,15000
D00858,2025-09-26,7078.63,u011,u048,15000
D00859,2025-02-12,6996.34,u058,u051,15000
D00860,2025-04-21,10886.61,u024,u089,15000
D00861,2025-01-22,1980.03,u069,u051,15000
D00862,2025-07-21,3393.82,u070,x003,15000
D00863,2025-11-20,1309.07,u089,u087,15000
D00864,2025-05-06,3688.11,u076,u066,15000
D00865,2025-12-02,8001.68,u010,u068,15000
D00866,2025-04-12,5622.02,u055,u048,15000
D00867,2025-08-02,992.1,u084,u078,15000
D00868,2025-05-24,3295.77,u001,u056,15000
D00869,2025-03-09,230.63,u080,u008,15000
D00870,2025-03-02,3915.87,u036,u058,15000
D00871,2025-06-14,1199.94,u067,u060,15000
D00872,2025-06-12,1564.27,u055,u037,15000
D00873,2025-02-02,2491.57,u001,u026,15000
D00874,2025-09-25,2215.36,u045,u073,15000
D00875,2025-11-27,3409.29,u037,u075,15000
D00876,2025-09-28,6498.87,u072,u076,15000
D00877,2025-08-07,15463.25,u062,u024,15000
D00878,2025-09-23,5298.24,u016,u072,15000
D00879,2025-06-24,3807.93,u051,u020,15000
D00880,2025-04-02,2333.51,u074,u003,15000
D00881,2025-03-19,1862.68,u039,u026,15000
D00882,2025-10-20,6038.86,u047,u025,15000
D00883,2025-04-07,21321.02,u001,u060,15000
D00884,2025-06-10,1498.22,u041,x006,15000
D00885,2025-03-13,25974.97,u046,u086,15000
D00886,2025-08-18,10102.32,u069,u087,15000
D00887,2025-12-16,4077.17,u076,u004,15000
D00888,2025-04-22,43888.35,u010,u082,15000
D00889,2025-12-27,7600.8,u031,u081,15000
D00890,2025-10-26,3013.09,u049,u074,15000
D00891,2025-02-20,4607.87,u042,u035,15000
D00892,2025-01-28,1302.58,u079,u065,15000
D00893,2025-10-17,14360.94,u037,u029,15000
D00894,2025-04-04,5022.65,u042,u076,15000
D00895,2025-11-16,28509.44,u024,u052,15000
D00896,2025-03-03,4846.61,u046,u055,15000
D00897,2025-05-25,22740.37,u002,u077,15000
D00898,2025-09-03,12694.58,u047,u067,15000
D00899,2025-06-15,13033.8,u024,u081,15000
D00900,2025-04-05,1089.14,u010,x005,15000
D00901,2025-08-03,1786.11,x002,u079,15000
D00902,2025-06-15,16727.2,u045,u002,15000
D00903,2025-11-26,24596.06,u078,u008,15000
D00904,2025-03-06,18347.46,u087,u012,15000
D00905,2025-04-01,28837.42,u052,u016,15000
D00906,2025-04-24,1061.49,u021,u043,15000
D00907,2025-03-01,5005.28,u048,u030,15000
D00908,2025-08-20,15783.47,u014,u052,15000
D00909,2025-11-24,4085.92,u024,u011,15000
D00910,2025-07-03,7654.17,u081,u038,15000
D00911,2025-09-18,3472.58,u060,u037,15000
D00912,2025-06-01,8864.99,u001,u006,15000
D00913,2025-12-03,6208.09,u014,u010,15000
D00914,2025-08-28,5076.56,u001,u047,15000
D00915,2025-10-16,8509.87,u003,u009,15000
D00916,2025-09-04,22026.24,u053,u052,15000
D00917,2025-06-11,17287.44,u087,u005,15000
D00918,2025-11-05,5917.96,u073,u032,15000
D00919,2025-09-20,4570.36,u018,u048,15000
D00920,2025-07-05,1900.13,u048,x005,15000
D00921,2025-10-18,1783.55,u066,u010,15000
D00922,2025-01-01,10435.44,u014,u036,15000
D00923,2025-04-12,2019.17,u071,u063,15000
D00924,2025-10-04,6467.63,u001,u073,15000
D00925,2025-07-13,17511.25,x001,u004,15000
D00926,2025-06-12,18482.69,u006,u088,15000
D00927,2025-08-19,6727.3,u066,x001,15000
D00928,2025-04-08,1369.12,u040,u005,15000
D00929,2025-07-13,2651.7,u064,u072,15000
D00930,2025-07-27,3705.2,u081,u023,15000
D00931,2025-07-15,2235.4,u008,u025,15000
D00932,2025-04-28,307.49,u086,u078,15000
D00933,2025-02-07,2098.25,u070,u052,15000
D00934,2025-01-25,3928.59,u042,u013,15000
D00935,2025-04-24,1306.73,x006,u009,15000
D00936,2025-03-28,2393.25,u030,u076,15000
D00937,2025-04-21,4163.46,u079,u034,15000
D00938,2025-09-14,1790.38,u018,u069,15000
D00939,2025-08-01,4998.53,u080,u017,15000
D00940,2025-12-10,12261.52,u018,u060,15000
D00941,2025-04-24,15013.59,u005,u030,15000
D00942,2025-01-02,8783.88,u009,u068,15000
D00943,2025-04-08,5889.41,u062,u013,15000
D00944,2025-03-13,5375.77,u078,u022,15000
D00945,2025-12-08,14535.83,u005,u018,15000
D00946,2025-07-28,11742.2,x005,u066,15000
D00947,2025-12-15,12135.14,u044,u030,15000
D00948,2025-09-13,15825.63,u061,u061,15000
D00949,2025-04-01,6265.42,u004,u022,15000
D00950,2025-07-14,6359.5,u004,u043,15000
D00951,2025-03-05,6427.73,u032,u015,15000
D00952,2025-12-05,9470.19,u035,u037,15000
D00953,2025-03-04,1893.31,u049,u081,15000
D00954,2025-06-23,3335.5,u005,u063,15000
D00955,2025-10-08,6098.18,u077,u064,15000
D00956,2025-04-06,10048.02,u012,u079,15000
D00957,2025-05-09,7528.45,u080,u003,15000
D00958,2025-12-17,10926.52,u022,u052,15000
D00959,2025-06-27,5066.8,u057,u042,15000
D00960,2025-08-16,3274.61,u013,u014,15000
D00961,2025-05-13,2508.01,u006,x006,15000
D00962,2025-04-23,2172.5,u006,u066,15000
D00963,2025-10-20,5000.14,u083,u060,15000
D00964,2025-05-06,5436.87,u090,u083,15000
D00965,2025-01-27,17244.8,u040,u049,15000
D00966,2025-04-08,3632.6,u070,u089,15000
D00967,2025-07-07,5524.7,u065,u079,15000
D00968,2025-02-12,9135.81,u005,u002,15000
D00969,2025-05-03,7072.59,u056,u071,15000
D00970,2025-10-11,28675.26,u020,u087,15000
D00971,2025-10-13,5229.27,u065,x005,15000
D00972,2025-12-17,1439.68,u057,u054,15000
D00973,2025-03-08,7423.15,u011,u042,15000
D00974,2025-12-01,12285.13,u051,u073,15000
D00975,2025-04-15,7842.31,u083,u088,15000
D00976,2025-10-15,13583.67,u089,u036,15000
D00977,2025-10-22,2626.77,u046,u079,15000
D00978,2025-08-04,8682.27,u069,u050,15000
D00979,2025-02-07,5920.25,u021,u084,15000
D00980,2025-08-14,747.2,u083,u061,15000
D00981,2025-09-25,27901.73,u011,u090,15000
D00982,2025-04-27,6134.17,u025,u010,15000
D00983,2025-09-08,6334.16,u066,u074,15000
D00984,2025-08-02,5194.99,u064,u030,15000
D00985,2025-07-18,12610.32,u017,u013,15000
D00986,2025-03-28,1453.84,u083,u067,15000
D00987,2025-03-09,3285.01,u038,u029,15000
D00988,2025-06-13,1339.92,u045,u075,15000
D00989,2025-10-07,3313.2,u048,u075,15000
D00990,2025-03-09,5014.58,u062,u057,15000
D00991,2025-09-28,7346.22,u065,u082,15000
D00992,2025-10-14,1816.13,u016,u072,15000
D00993,2025-06-27,1249.1,x003,x006,15000
D00994,2025-05-04,1233.89,u089,u072,15000
D00995,2025-12-14,10008.8,u077,u056,15000
D00996,2025-06-02,7321.69,u047,u087,15000
D00997,2025-03-20,2755.69,u054,u042,15000
D00998,2025-07-08,1950.6,u072,u080,15000
D00999,2025-09-18,2824.65,u029,x003,15000
D01000,2025-11-09,1110.93,u079,u052,15000
D01001,2025-03-12,11739.35,u065,u006,15000
D01002,2025-03-05,5539.96,u066,u027,15000
D01003,2025-02-20,14660.03,u021,u088,15000
D01004,2025-11-24,12579.45,u078,u090,15000
D01005,2025-12-17,12435.08,u017,u053,15000
D01006,2025-10-19,30216.73,u071,u028,15000
D01007,2025-06-09,4902.79,u028,u021,15000
D01008,2025-09-23,4279.37,u036,x002,15000
D01009,2025-06-04,6835.09,u016,u043,15000
D01010,2025-12-02,3757.1,u063,u025,15000
D01011,2025-05-23,3884.57,u050,u060,15000
D01012,2025-01-15,813.6,x006,u061,15000
D01013,2025-03-13,1525.63,u050,u017,15000
D01014,2025-07-03,12600.72,u057,u068,15000
D01015,2025-04-28,11860.79,u076,u062,15000
D01016,2025-01-27,2768.91,x006,u046,15000
D01017,2025-09-08,13560.32,u070,x005,15000
D01018,2025-12-03,2942.7,u032,u066,15000
D01019,2025-02-21,741.43,u057,u004,15000
D01020,2025-06-28,11922.94,x005,u026,15000
D01021,2025-07-27,1857.72,u020,u024,15000
D01022,2025-12-20,5526.33,u023,u074,15000
D01023,2025-07-25,1694.44,u046,u044,15000
D01024,2025-10-06,37356.81,x001,u057,15000
D01025,2025-04-04,3447.53,u034,u081,15000
D01026,2025-01-24,2871.51,u081,u009,15000
D01027,2025-04-14,7092.03,u037,u028,15000
D01028,2025-11-12,5980.33,u052,u002,15000
D01029,2025-10-18,5814.81,x006,u090,15000
D01030,2025-11-28,3691.27,u069,u020,15000
D01031,2025-07-22,49781.81,u002,x002,15000
D01032,2025-05-12,877.08,x003,u041,15000
D01033,2025-12-06,44146.7,u073,u037,15000
D01034,2025-08-11,2058.17,u019,u010,15000
D01035,2025-10-26,8564.96,u006,u034,15000
D01036,2025-01-21,7951.94,u086,u087,15000
D01037,2025-06-19,34906.35,u027,u039,15000
D01038,2025-01-09,30428.85,u005,u087,15000
D01039,2025-05-20,9098.38,u018,u052,15000
D01040,2025-09-22,1762.61,u004,u027,15000
D01041,2025-03-04,2774.18,u013,u038,15000
D01042,2025-03-13,13297.28,u005,u087,15000
D01043,2025-03-21,1791.8,u018,u064,15000
D01044,2025-07-19,3306.15,u072,u080,15000
D01045,2025-07-27,13025.96,u064,u049,15000
D01046,2025-05-16,6338.37,u050,u058,15000
D01047,2025-05-07,4873.9,x003,u003,15000
D01048,2025-07-24,8623.12,u090,u023,15000
D01049,2025-10-13,7088.16,u043,u010,15000
D01050,2025-05-01,4598.21,u044,u003,15000
D01051,2025-11-17,14710.52,u068,u042,15000
D01052,2025-01-07,3021.22,u015,u022,15000
D01053,2025-05-22,1799.58,u057,u076,15000
D01054,2025-02-09,13507.82,x005,u040,15000
D01055,2025-04-18,7932.22,u010,u086,15000
D01056,2025-07-02,3946.85,u083,u028,15000
D01057,2025-07-20,5317.02,u021,u090,15000
D01058,2025-05-12,6108.56,u044,u005,15000
D01059,2025-04-21,1623.45,u037,u025,15000
D01060,2025-03-09,11673.43,u005,u028,15000
D01061,2025-10-02,5317.44,u065,u015,15000
D01062,2025-12-09,14611.55,u042,u011,15000
D01063,2025-06-01,5224.44,u029,u040,15000
D01064,2025-02-25,18082.01,u044,u081,15000
D01065,2025-03-22,5578.2,u084,u071,15000
D01066,2025-06-20,3822.69,u032,u077,15000
D01067,2025-03-21,5468.15,u089,u085,15000
D01068,2025-07-26,16933.81,u071,u030,15000
D01069,2025-07-12,7249.41,u083,u005,15000
D01070,2025-06-23,28808.28,u012,u004,15000
D01071,2025-07-12,10229.85,u029,u042,15000
D01072,2025-12-26,1259.74,u007,u070,15000
D01073,2025-03-24,3564.97,u054,u021,15000
D01074,2025-06-16,1153.23,u061,u034,15000
D01075,2025-12-28,6031.97,u036,u067,15000
D01076,2025-11-24,1236.78,u050,u006,15000
D01077,2025-01-05,1744.47,u059,u065,15000
D01078,2025-03-23,4189.52,u004,u075,15000
D01079,2025-04-20,34036.31,u071,u014,15000
D01080,2025-09-17,13690.88,u067,u016,15000
D01081,2025-06-18,4635.31,u039,u042,15000
D01082,2025-02-16,5560.53,u045,u061,15000
D01083,2025-12-21,18565.33,u056,u070,15000
D01084,2025-11-25,5364.72,u038,u007,15000
D01085,2025-07-13,12313.98,u036,u086,15000
D01086,2025-12-26,7867.01,u083,u017,15000
D01087,2025-12-19,2151.48,u022,u044,15000
D01088,2025-09-17,3938.35,u044,u025,15000
D01089,2025-09-11,21757.2,u070,u074,15000
D01090,2025-09-16,14882.93,x006,u054,15000
D01091,2025-03-09,19582.71,u043,u061,15000
D01092,2025-02-10,4307.04,u019,u054,15000
D01093,2025-08-28,8485.59,u077,x003,15000
D01094,2025-06-01,2453.62,u042,x004,15000
D01095,2025-04-09,22349.77,u027,x003,15000
D01096,2025-01-12,11573.38,u060,u072,15000
D01097,2025-12-17,2717.89,u063,u015,15000
D01098,2025-11-11,485.4,x005,u077,15000
D01099,2025-07-04,3820.29,u042,u049,15000
D01100,2025-01-01,8420.99,u080,u074,15000
D01101,2025-12-15,7605.52,u065,u042,15000
D01102,2025-08-28,3250.75,u055,u041,15000
D01103,2025-10-04,10267.54,u050,u009,15000
D01104,2025-03-12,14551.99,u033,u010,15000
D01105,2025-12-21,332.0,u028,u047,15000
D01106,2025-09-21,8869.45,u069,u002,15000
D01107,2025-02-11,1576.61,u007,u038,15000
D01108,2025-07-08,2300.9,u013,u088,15000
D01109,2025-01-01,1072.2,u052,u001,15000
D01110,2025-12-21,5345.95,u064,u075,15000
D01111,2025-02-04,39550.28,u035,u089,15000
D01112,2025-01-04,8013.83,u059,u015,15000
D01113,2025-04-08,6002.43,u033,x003,15000
D01114,2025-05-05,7550.38,u076,u058,15000
D01115,2025-06-12,10367.28,u060,u057,15000
D01116,2025-10-07,2794.07,u082,u050,15000
D01117,2025-04-05,13245.48,u021,u076,15000
D01118,2025-12-21,44717.13,u024,u034,15000
D01119,2025-11-15,10145.59,u053,u018,15000
D01120,2025-06-19,2565.1,u065,u037,15000
D01121,2025-05-17,15928.47,u068,u058,15000
D01122,2025-07-26,2528.76,u056,u049,15000
D01123,2025-12-15,86315.67,u075,u063,15000
D01124,2025-06-02,11407.64,u002,x001,15000
D01125,2025-10-16,6207.88,u043,u070,15000
D01126,2025-08-24,19013.81,u072,u029,15000
D01127,2025-06-23,2826.58,u032,u012,15000
D01128,2025-06-23,7518.51,u077,u059,15000
D01129,2025-11-23,1127.89,u052,u064,15000
D01130,2025-02-18,16750.8,u030,u038,15000
D01131,2025-10-20,4612.76,u040,u058,15000
D01132,2025-03-03,67784.54,u025,x006,15000
D01133,2025-06-15,4173.01,u028,u026,15000
D01134,2025-05-27,2458.74,u071,u079,15000
D01135,2025-11-22,4350.07,u068,u002,15000
D01136,2025-09-21,7054.18,u078,u041,15000
D01137,2025-05-03,50274.74,u071,u009,15000
D01138,2025-07-18,5211.68,u012,u033,15000
D01139,2025-12-22,18317.82,u002,u030,15000
D01140,2025-06-15,4300.29,u072,u078,15000
D01141,2025-09-06,1090.5,u034,u004,15000
D01142,2025-04-08,767.77,u028,u068,15000
D01143,2025-03-01,3565.48,u033,u056,15000
D01144,2025-10-08,1683.87,u069,x006,15000
D01145,2025-01-03,289.42,u043,u063,15000
D01146,2025-07-28,17768.03,x004,u054,15000
D01147,2025-05-18,12193.38,u045,u048,15000
D01148,2025-05-19,1698.28,u015,u027,15000
D01149,2025-10-23,14666.86,u054,u017,15000
D01150,2025-12-18,4207.62,u049,u087,15000
D01151,2025-03-04,6478.03,u069,u090,15000
D01152,2025-10-28,2964.8,u055,u069,15000
D01153,2025-08-20,2276.65,u011,u013,15000
D01154,2025-10-12,3356.47,u053,u075,15000
D01155,2025-02-07,7247.35,u055,u002,15000
D01156,2025-02-11,24053.77,u055,u084,15000
D01157,2025-07-06,29563.81,u087,u082,15000
D01158,2025-01-15,9189.48,u024,u021,15000
D01159,2025-11-13,1808.91,u071,u032,15000
D01160,2025-11-05,1448.97,u072,u053,15000
D01161,2025-09-11,10641.39,u018,u067,15000
D01162,2025-07-17,6914.58,u031,u049,15000
D01163,2025-03-23,23397.22,x004,u056,15000
D01164,2025-09-27,2605.82,u044,u024,15000
D01165,2025-09-25,3256.45,u056,u065,15000
D01166,2025-05-22,698.16,u062,x002,15000
D01167,2025-10-07,11672.59,u088,u054,15000
D01168,2025-03-15,11193.86,u074,u072,15000
D01169,2025-05-21,1796.18,u087,u002,15000
D01170,2025-10-14,6370.49,u017,u084,15000
D01171,2025-10-17,8775.59,u027,u089,15000
D01172,2025-12-12,1446.21,u063,u003,15000
D01173,2025-08-06,3033.96,u011,u068,15000
D01174,2025-05-15,724.83,u023,u042,15000
D01175,2025-05-04,7423.19,x005,u040,15000
D01176,2025-03-06,1235.66,u025,u044,15000
D01177,2025-04-23,10437.94,u018,u034,15000
D01178,2025-05-01,957.14,u042,u068,15000
D01179,2025-08-23,20977.27,u028,u063,15000
D01180,2025-04-10,3350.25,u035,u019,15000
D01181,2025-04-25,2080.01,u058,u010,15000
D01182,2025-07-04,1500.17,x006,u076,15000
D01183,2025-05-03,24533.44,u061,x004,15000
D01184,2025-05-13,2668.03,u003,u038,15000
D01185,2025-04-13,13148.53,u084,x001,15000
D01186,2025-01-18,5363.86,u018,x001,15000
D01187,2025-06-20,9024.45,u044,u020,15000
D01188,2025-07-22,7996.65,u005,u074,15000
D01189,2025-12-13,4819.42,u026,u053,15000
D01190,2025-04-06,2375.35,u036,u031,15000
D01191,2025-10-07,10572.09,u090,u043,15000
D01192,2025-12-06,17183.15,u013,u049,15000
D01193,2025-08-12,986.45,u001,u059,15000
D01194,2025-01-13,10881.72,u090,u011,15000
D01195,2025-09-13,1916.02,u087,u074,15000
D01196,2025-11-17,2839.48,u009,u044,15000
D01197,2025-01-09,2062.95,u072,u076,15000
D01198,2025-09-05,3528.74,u079,u038,15000
D01199,2025-01-17,12044.97,u030,u005,15000
D01200,2025-10-10,2551.27,u051,u084,15000
D01201,2025-03-19,5890.03,u085,u028,15000
D01202,2025-06-12,3072.87,u036,u046,15000
D01203,2025-08-26,12193.64,u077,u053,15000
D01204,2025-12-16,9723.44,u039,x005,15000
D01205,2025-01-28,1708.33,u009,u024,15000
D01206,2025-06-20,2303.24,u085,u040,15000
D01207,2025-08-18,27648.86,u055,x006,15000
D01208,2025-03-24,3861.29,u065,x006,15000
D01209,2025-11-10,5686.41,u032,u047,15000
D01210,2025-05-04,2160.67,u051,u011,15000
D01211,2025-08-12,1787.46,u064,u088,15000
D01212,2025-02-17,12053.96,u089,u010,15000
D01213,2025-02-09,1260.13,u083,u028,15000
D01214,2025-10-24,8578.53,u012,u011,15000
D01215,2025-08-08,5642.26,u020,u087,15000
D01216,2025-09-18,17971.28,u012,u049,15000
D01217,2025-05-21,7980.38,u026,u077,15000
D01218,2025-10-14,6638.73,u082,u065,15000
D01219,2025-01-11,20461.06,u055,u080,15000
D01220,2025-09-22,18345.15,u005,u017,15000
D01221,2025-08-15,2047.61,u087,u074,15000
D01222,2025-03-08,5380.67,u076,u023,15000
D01223,2025-03-16,4066.29,u031,u078,15000
D01224,2025-06-10,14555.72,u009,u051,15000
D01225,2025-08-21,6226.09,u086,u075,15000
D01226,2025-09-19,2371.2,u056,u059,15000
D01227,2025-02-13,5566.1,u033,x003,15000
D01228,2025-10-22,1749.14,u056,u016,15000
D01229,2025-02-06,16113.0,u014,u040,15000
D01230,2025-08-19,18944.24,u070,u036,15000
D01231,2025-07-21,8578.1,u038,u004,15000
D01232,2025-06-09,8019.91,u024,u030,15000
D01233,2025-08-07,6686.21,u069,u034,15000
D01234,2025-01-24,19342.2,u053,u039,15000
D01235,2025-08-15,19558.51,u042,u081,15000
D01236,2025-06-17,24957.05,u025,u040,15000
D01237,2025-09-23,3323.56,u019,x001,15000
D01238,2025-02-05,1863.61,u018,u047,15000
D01239,2025-01-16,6282.08,u044,u054,15000
D01240,2025-01-16,4403.85,u065,u048,15000
D01241,2025-11-10,19081.39,x006,u081,15000
D01242,2025-03-02,11796.91,u032,u029,15000
D01243,2025-12-07,1319.5,u034,u041,15000
D01244,2025-08-01,5442.83,u038,u042,15000
D01245,2025-03-18,14374.31,u057,u065,15000
D01246,2025-09-15,954.84,u025,x005,15000
D01247,2025-12-24,1900.68,u021,u030,15000
D01248,2025-03-22,1860.23,u058,u087,15000
D01249,2025-08-10,40853.08,u080,u012,15000
D01250,2025-03-22,1365.44,u007,u003,15000
D01251,2025-07-22,1448.77,u008,x001,15000
D01252,2025-01-11,17700.13,u072,u011,15000
D01253,2025-08-07,2769.98,u087,x005,15000
D01254,2025-09-02,1507.34,u059,u001,15000
D01255,2025-10-08,551.61,u086,u056,15000
D01256,2025-03-18,5101.46,u011,u062,15000
D01257,2025-09-22,872.83,u076,u065,15000
D01258,2025-11-25,3142.37,u033,u087,15000
D01259,2025-04-13,10992.78,u071,u017,15000
D01260,2025-07-16,6941.99,u056,u016,15000
D01261,2025-01-19,3721.58,x002,u001,15000
D01262,2025-04-17,4031.35,u071,u049,15000
D01263,2025-12-14,984.32,u035,u036,15000
D01264,2025-02-12,4140.41,u074,u069,15000
D01265,2025-12-11,2635.14,u041,u011,15000
D01266,2025-09-26,3251.55,u090,u022,15000
D01267,2025-07-23,5456.27,u034,u086,15000
D01268,2025-03-25,1647.6,u036,u001,15000
D01269,2025-05-02,2646.0,u033,u016,15000
D01270,2025-09-02,2371.3,u074,u017,15000
D01271,2025-10-20,24313.88,u057,u052,15000
D01272,2025-08-02,4293.39,u079,u030,15000
D01273,2025-05-27,34844.76,u043,u027,15000
D01274,2025-06-16,13860.3,u018,u087,15000
D01275,2025-08-09,32812.14,u051,u077,15000
D01276,2025-03-05,8673.16,u027,u085,15000
D01277,2025-09-21,4767.53,u085,u016,15000
D01278,2025-11-10,3119.74,u071,x002,15000
D01279,2025-11-22,3703.62,u084,u049,15000
D01280,2025-09-06,7193.85,u026,u029,15000
D01281,2025-06-19,5333.1,u004,u084,15000
D01282,2025-03-24,11005.46,u036,u088,15000
D01283,2025-07-07,3140.65,u047,u065,15000
D01284,2025-09-21,8408.92,u040,u027,15000
D01285,2025-11-12,13914.46,u090,u067,15000
D01286,2025-01-19,5097.05,u063,u066,15000
D01287,2025-08-21,6052.67,u021,u014,15000
D01288,2025-01-11,2789.64,u031,u064,15000
D01289,2025-12-03,2258.96,u001,u011,15000
D01290,2025-12-11,8046.71,u053,u049,15000
D01291,2025-01-18,12196.36,u037,u027,15000
D01292,2025-07-14,1769.79,x003,u059,15000
D01293,2025-06-05,25740.87,u046,u034,15000
D01294,2025-11-23,2653.49,u058,u043,15000
D01295,2025-05-01,3979.14,u046,u008,15000
D01296,2025-12-20,1771.43,u048,x004,15000
D01297,2025-06-26,9108.42,u026,u034,15000
D01298,2025-01-04,3367.06,u052,u064,15000
D01299,2025-02-19,4808.5,u079,u071,15000
D01300,2025-02-03,6502.27,u046,u048,15000
D01301,2025-03-08,2818.21,u050,u024,15000
D01302,2025-12-07,2067.71,u051,x002,15000
D01303,2025-05-07,2472.48,u047,u074,15000
D01304,2025-06-11,11895.81,u038,u070,15000
D01305,2025-07-16,22273.97,u064,u087,15000
D01306,2025-07-23,5328.3,u026,u071,15000
D01307,2025-06-12,2526.78,u010,u067,15000
D01308,2025-09-20,1068.45,u017,u060,15000
D01309,2025-02-05,3454.21,u070,u080,15000
D01310,2025-07-11,5300.04,u071,u044,15000
D01311,2025-03-06,14004.62,u027,u028,15000
D01312,2025-06-11,921.83,u049,u047,15000
D01313,2025-10-19,927.43,u011,u016,15000
D01314,2025-08-18,1869.05,u064,x001,15000
D01315,2025-07-06,11874.47,u038,u051,15000
D01316,2025-07-07,4595.31,u080,u004,15000
D01317,2025-10-17,1854.02,u081,x006,15000
D01318,2025-06-20,2537.92,u028,u002,15000
D01319,2025-04-17,2851.09,u015,x002,15000
D01320,2025-04-26,19027.95,u068,u056,15000
D01321,2025-07-15,6523.76,u041,u043,15000
D01322,2025-01-24,32423.12,x005,u014,15000
D01323,2025-08-07,2664.67,u048,u011,15000
D01324,2025-02-19,961.27,u073,u028,15000
D01325,2025-09-20,2277.52,u010,u005,15000
D01326,2025-12-28,6094.75,u077,x005,15000
D01327,2025-04-20,24579.67,u090,u012,15000
D01328,2025-08-22,814.34,u083,u090,15000
D01329,2025-11-02,2955.13,u044,u064,15000
D01330,2025-04-18,21960.17,u018,u058,15000
D01331,2025-08-24,9557.3,u025,u015,15000
D01332,2025-07-28,10135.75,u020,x004,15000
D01333,2025-10-28,12137.44,u069,u034,15000
D01334,2025-06-25,5861.76,u002,u068,15000
D01335,2025-09-14,1553.17,u034,u015,15000
D01336,2025-06-26,762.15,u021,u007,15000
D01337,2025-09-24,7364.99,u043,u071,15000
D01338,2025-02-15,1029.76,u008,u019,15000
D01339,2025-04-01,3619.61,u007,u089,15000
D01340,2025-04-23,3143.32,u010,u058,15000
D01341,2025-06-16,1098.94,u083,u062,15000
D01342,2025-07-07,3118.62,u043,u032,15000
D01343,2025-09-03,13369.51,u050,x003,15000
D01344,2025-11-09,3160.87,u072,u012,15000
D01345,2025-03-22,5333.14,u055,u026,15000
D01346,2025-01-04,2183.13,x002,u057,15000
D01347,2025-01-03,6723.88,u041,u049,15000
D01348,2025-07-12,43371.2,u076,u086,15000
D01349,2025-06-25,1943.11,u060,u068,15000
D01350,2025-01-20,1348.97,u082,u052,15000
D01351,2025-11-21,18191.26,u048,u048,15000
D01352,2025-05-01,4070.4,x005,u024,15000
D01353,2025-11-14,15029.36,u019,u019,15000
D01354,2025-08-22,4031.77,u004,u011,15000
D01355,2025-06-01,3742.71,u018,u009,15000
D01356,2025-02-10,2673.29,u035,u086,15000
D01357,2025-12-23,1981.52,u077,u090,15000
D01358,2025-07-19,1292.31,u019,u029,15000
D01359,2025-07-11,31059.72,u070,u090,15000
D01360,2025-11-03,4859.36,u049,u010,15000
D01361,2025-09-21,1814.92,u064,u067,15000
D01362,2025-01-19,4727.25,u038,u057,15000
D01363,2025-06-22,10404.43,u025,u036,15000
D01364,2025-12-17,920.73,u058,u019,15000
D01365,2025-07-23,18817.3,u018,u030,15000
D01366,2025-03-27,10624.58,u028,u080,15000
D01367,2025-10-06,24678.05,u065,u033,15000
D01368,2025-10-04,12393.64,u081,u074,15000
D01369,2025-03-28,3063.36,u090,u022,15000
D01370,2025-12-28,44610.62,u027,u036,15000
D01371,2025-08-09,26544.58,u075,u079,15000
D01372,2025-03-05,12510.86,u036,u074,15000
D01373,2025-10-23,13351.01,u027,u055,15000
D01374,2025-05-11,5103.99,u085,u037,15000
D01375,2025-10-28,1286.57,u024,u017,15000
D01376,2025-04-27,1669.45,u019,u017,15000
D01377,2025-03-06,38539.99,u055,u069,15000
D01378,2025-05-13,14948.33,u055,x006,15000
D01379,2025-11-15,9944.17,u002,u032,15000
D01380,2025-03-13,2526.79,u029,u023,15000
D01381,2025-12-25,6869.83,u001,u070,15000
D01382,2025-12-21,15977.21,u001,u011,15000
D01383,2025-09-21,13733.91,u051,u005,15000
D01384,2025-11-24,3339.98,x004,u065,15000
D01385,2025-09-26,2786.03,x002,u064,15000
D01386,2025-01-23,7954.46,u083,u010,15000
D01387,2025-03-27,4303.23,u037,u002,15000
D01388,2025-12-11,1318.19,x002,u044,15000
D01389,2025-07-11,20756.81,x005,u004,15000
D01390,2025-10-16,3016.01,u018,u048,15000
D01391,2025-11-06,15247.81,u029,u006,15000
D01392,2025-03-16,6446.83,u064,u072,15000
D01393,2025-10-17,8114.19,u045,u035,15000
D01394,2025-01-02,71471.93,u046,u029,15000
D01395,2025-06-22,13375.49,u064,u022,15000
D01396,2025-09-14,1924.65,u059,u040,15000
D01397,2025-02-22,6356.5,u085,u032,15000
D01398,2025-08-24,3944.83,u090,u017,15000
D01399,2025-03-22,2727.12,u025,u007,15000
D01400,2025-03-13,5365.88,x005,u077,15000
D01401,2025-04-27,6949.74,u031,u029,15000
D01402,2025-06-28,4758.25,u005,u034,15000
D01403,2025-07-17,6192.62,u024,u027,15000
D01404,2025-02-23,2417.22,u014,u004,15000
D01405,2025-05-20,1481.95,u042,u023,15000
D01406,2025-02-26,9215.28,x005,u016,15000
D01407,2025-02-17,8888.19,u045,u074,15000
D01408,2025-10-10,788.54,u034,u040,15000
D01409,2025-09-02,891.7,u060,u057,15000
D01410,2025-06-22,2223.68,u069,u034,15000
D01411,2025-12-07,18831.66,u084,u082,15000
D01412,2025-08-20,11062.65,u063,u035,15000
D01413,2025-07-12,1810.87,u023,u043,15000
D01414,2025-02-17,828.74,u040,u070,15000
D01415,2025-02-24,3865.38,u019,u086,15000
D01416,2025-06-05,2571.56,u004,u080,15000
D01417,2025-07-01,3159.99,u005,u077,15000
D01418,2025-10-08,8857.96,u069,u019,15000
D01419,2025-09-27,2354.27,u002,u023,15000
D01420,2025-08-01,19446.8,u069,u005,15000
D01421,2025-11-10,7254.43,u053,u051,15000
D01422,2025-04-22,1071.16,u045,u077,15000
D01423,2025-01-04,15312.6,u057,u042,15000
D01424,2025-08-06,2585.54,u057,u028,15000
D01425,2025-10-09,1828.43,u013,u089,15000
D01426,2025-01-04,16565.13,u067,u067,15000
D01427,2025-01-14,2761.13,u013,u032,15000
D01428,2025-02-03,4697.24,u079,x003,15000
D01429,2025-02-10,6142.77,u016,u028,15000
D01430,2025-11-03,2395.72,u041,u021,15000
D01431,2025-05-15,5919.88,u033,u051,15000
D01432,2025-02-26,20827.34,u056,u088,15000
D01433,2025-06-01,12328.95,u021,u066,15000
D01434,2025-04-19,4816.03,u037,u045,15000
D01435,2025-09-08,5163.3,u064,u054,15000
D01436,2025-10-02,4050.34,u087,x003,15000
D01437,2025-11-25,3816.84,u047,u050,15000
D01438,2025-12-10,7646.9,u056,u027,15000
D01439,2025-05-19,11308.01,u022,u006,15000
D01440,2025-05-26,47029.94,u088,u001,15000
D01441,2025-05-10,4249.52,u082,u017,15000
D01442,2025-09-16,3237.37,u054,u024,15000
D01443,2025-02-05,3702.2,u039,u015,15000
D01444,2025-12-28,2742.16,u052,u087,15000
D01445,2025-05-14,9678.3,u032,u053,15000
D01446,2025-03-18,7914.93,u005,u009,15000
D01447,2025-04-02,5392.97,u071,u038,15000
D01448,2025-06-08,2099.44,u004,u071,15000
D01449,2025-05-02,14125.53,u082,u025,15000
D01450,2025-11-18,10044.67,u066,u064,15000
D01451,2025-12-16,11636.84,u045,u035,15000
D01452,2025-02-01,98199.66,u005,u058,15000
D01453,2025-03-24,37369.33,u062,u023,15000
D01454,2025-06-05,13700.99,u056,u008,15000
D01455,2025-05-05,8264.29,u070,u048,15000
D01456,2025-10-11,5525.5,u068,u083,15000
D01457,2025-12-08,23147.97,u070,u060,15000
D01458,2025-05-08,6275.69,u073,u044,15000
D01459,2025-06-19,5539.19,u045,u050,15000
D01460,2025-02-01,9553.85,u066,u015,15000
D01461,2025-08-14,27984.18,u043,u079,15000
D01462,2025-08-09,8406.94,u021,u088,15000
D01463,2025-05-10,5386.27,x002,u047,15000
D01464,2025-05-22,11068.07,x005,u041,15000
D01465,2025-09-07,34118.69,u088,u058,15000
D01466,2025-11-16,6319.59,u025,u083,15000
D01467,2025-07-06,3899.62,u049,u033,15000
D01468,2025-09-11,1434.76,u082,u063,15000
D01469,2025-01-17,25390.19,u016,u018,15000
D01470,2025-08-08,1823.94,u063,u054,15000
D01471,2025-12-08,9999.28,u059,u053,15000
D01472,2025-10-15,5731.02,u014,u084,15000
D01473,2025-12-17,1293.48,u067,u027,15000
D01474,2025-10-27,29130.83,u068,u057,15000
D01475,2025-07-12,1144.67,u068,u079,15000
D01476,2025-02-09,5652.99,u086,x005,15000
D01477,2025-03-04,6125.89,u015,x003,15000
D01478,2025-03-01,7782.1,u054,u002,15000
D01479,2025-09-16,3184.06,u051,u087,15000
D01480,2025-01-07,6995.51,u051,u087,15000
D01481,2025-12-02,5143.12,u042,x001,15000
D01482,2025-05-07,4136.89,u006,u033,15000
D01483,2025-10-27,1191.82,u084,u020,15000
D01484,2025-10-03,3597.04,u062,u013,15000
D01485,2025-02-05,17127.33,u080,u074,15000
D01486,2025-06-27,4569.95,u009,u003,15000
D01487,2025-06-20,7423.76,u057,u077,15000
D01488,2025-03-17,2825.07,u012,u045,15000
D01489,2025-08-16,5215.54,u002,u049,15000
D01490,2025-11-12,18431.09,u002,u053,15000
D01491,2025-09-22,4133.25,u058,u067,15000
D01492,2025-08-12,2396.51,u067,u061,15000
D01493,2025-04-05,10053.91,u073,u048,15000
D01494,2025-09-19,1865.32,x003,u086,15000
D01495,2025-12-11,260.54,u039,u075,15000
D01496,2025-06-07,7471.5,u074,u081,15000
D01497,2025-12-23,1252.78,u052,u006,15000
D01498,2025-02-10,2889.05,u016,u034,15000
D01499,2025-05-07,4406.02,u026,u046,15000
D01500,2025-12-16,3119.52,u033,u057,15000
D01501,2025-11-20,6510.19,u064,u034,15000
D01502,2025-01-03,12520.88,u047,u017,15000
D01503,2025-02-10,4724.06,u035,u089,15000
D01504,2025-05-05,1744.28,u071,u017,15000
D01505,2025-06-07,32044.16,u006,u029,15000
D01506,2025-07-08,9208.84,u053,u084,15000
D01507,2025-01-10,9544.63,u037,u077,15000
D01508,2025-07-08,4246.59,u037,u089,15000
D01509,2025-06-18,7736.2,u035,u052,15000
D01510,2025-08-03,2324.64,u040,u035,15000
D01511,2025-02-03,4101.7,u076,u081,15000
D01512,2025-01-25,5872.19,u079,x003,15000
D01513,2025-10-25,19587.79,u075,x006,15000
D01514,2025-07-20,1235.78,u062,u018,15000
D01515,2025-01-09,943.59,u065,u089,15000
D01516,2025-07-19,3096.67,u050,u086,15000
D01517,2025-08-09,9950.52,u011,u034,15000
D01518,2025-04-07,5875.18,u027,u040,15000
D01519,2025-10-15,15759.46,u046,u053,15000
D01520,2025-05-21,15147.51,u011,u032,15000
D01521,2025-05-04,13984.37,u041,x004,15000
D01522,2025-12-24,3285.61,u012,u014,15000
D01523,2025-04-27,877.77,u025,u082,15000
D01524,2025-08-01,3568.03,u021,u082,15000
D01525,2025-07-10,3878.59,u086,u068,15000
D01526,2025-01-23,11383.95,u085,u050,15000
D01527,2025-04-16,5078.82,x004,u080,15000
D01528,2025-12-06,7416.85,u019,u044,15000
D01529,2025-07-24,5869.73,u032,u030,15000
D01530,2025-09-12,1456.19,u078,u021,15000
D01531,2025-05-16,32549.22,x006,u067,15000
D01532,2025-04-07,12181.4,u045,u035,15000
D01533,2025-10-26,26741.74,u070,u059,15000
D01534,2025-03-17,2668.09,u025,u070,15000
D01535,2025-01-09,1503.86,u056,u041,15000
D01536,2025-04-08,2283.69,u071,u027,15000
D01537,2025-06-21,2779.96,u010,u045,15000
D01538,2025-06-03,4408.83,x004,x003,15000
D01539,2025-03-04,9491.38,x004,u039,15000
D01540,2025-11-19,7218.34,u055,u062,15000
D01541,2025-05-05,1470.33,u029,u056,15000
D01542,2025-05-11,2656.73,u043,u053,15000
D01543,2025-09-09,1385.43,u032,u004,15000
D01544,2025-09-17,8106.81,u083,u007,15000
D01545,2025-09-06,4785.65,u068,u059,15000
D01546,2025-08-03,6410.37,u012,u060,15000
D01547,2025-10-20,2287.41,u003,u021,15000
D01548,2025-05-08,823.46,u074,u033,15000
D01549,2025-07-28,3784.95,u069,u003,15000
D01550,2025-10-21,5604.07,u087,u047,15000
D01551,2025-08-23,5888.31,u087,u040,15000
D01552,2025-07-05,4028.63,u051,u063,15000
D01553,2025-08-18,5970.69,u002,u065,15000
D01554,2025-05-03,8054.49,u060,u089,15000
D01555,2025-03-19,5174.56,u001,u008,15000
D01556,2025-05-11,4402.14,u034,u009,15000
D01557,2025-04-10,3718.53,u077,u078,15000
D01558,2025-05-12,16734.29,u086,u068,15000
D01559,2025-07-12,924.64,u055,u069,15000
D01560,2025-01-06,3799.83,u080,u088,15000
D01561,2025-07-09,1594.31,x003,u066,15000
D01562,2025-10-11,1021.66,x002,u059,15000
D01563,2025-06-22,11380.25,u063,x002,15000
D01564,2025-06-22,1808.43,u080,u059,15000
D01565,2025-11-06,4037.31,u019,u028,15000
D01566,2025-09-28,2785.43,u072,x003,15000
D01567,2025-12-19,12469.49,u025,u003,15000
D01568,2025-06-23,1789.93,u028,u024,15000
D01569,2025-05-27,10880.65,u029,u018,15000
D01570,2025-06-16,29393.62,u073,u028,15000
D01571,2025-11-21,190.13,u019,u048,15000
D01572,2025-07-07,15902.37,u021,u035,15000
D01573,2025-08-14,9335.97,u089,u022,15000
D01574,2025-09-24,17218.86,u077,u021,15000
D01575,2025-06-06,1969.06,u027,u056,15000
D01576,2025-11-22,5152.32,u076,u043,15000
D01577,2025-02-06,1719.99,x004,u059,15000
D01578,2025-09-05,1991.56,u014,u082,15000
D01579,2025-05-14,2783.77,u048,u003,15000
D01580,2025-01-02,1470.44,u080,u026,15000
D01581,2025-11-24,67701.61,u012,u023,15000
D01582,2025-07-05,10439.06,u013,u043,15000
D01583,2025-03-03,1820.63,u087,u065,15000
D01584,2025-12-17,8365.11,x001,u078,15000
D01585,2025-05-27,2353.23,x006,u066,15000
D01586,2025-12-16,294.54,u037,u061,15000
D01587,2025-01-16,71197.98,u034,u067,15000
D01588,2025-08-06,11192.92,x005,u050,15000
D01589,2025-01-23,36452.81,u052,x004,15000
D01590,2025-10-18,30134.12,u060,u036,15000
D01591,2025-10-07,7725.61,u015,u072,15000
D01592,2025-09-14,14782.63,u039,u048,15000
D01593,2025-02-19,2675.25,u010,u048,15000
D01594,2025-12-09,1062.66,u024,u014,15000
D01595,2025-10-08,3365.66,u042,x003,15000
D01596,2025-07-02,11585.83,u025,u060,15000
D01597,2025-04-11,13098.7,u029,u056,15000
D01598,2025-07-04,3923.51,u024,u041,15000
D01599,2025-09-20,9752.03,u066,u007,15000
D01600,2025-12-28,20330.5,u023,u014,15000
D01601,2025-06-04,1651.0,u018,x003,15000
D01602,2025-09-27,2459.43,u073,u082,15000
D01603,2025-11-25,26509.27,u030,u054,15000
D01604,2025-08-02,28515.16,u087,u025,15000
D01605,2025-07-21,2322.64,u066,u045,15000
D01606,2025-06-10,9379.15,u067,u059,15000
D01607,2025-05-07,18927.7,x005,u040,15000
D01608,2025-02-21,1010.74,u012,u061,15000
D01609,2025-07-26,12206.88,u007,u010,15000
D01610,2025-05-26,17918.67,u085,u085,15000
D01611,2025-09-03,2930.18,u003,u039,15000
D01612,2025-02-28,886.34,u077,u004,15000
D01613,2025-03-20,958.66,u038,u088,15000
D01614,2025-02-11,3709.77,u031,u076,15000
D01615,2025-03-12,863.09,u058,u027,15000
D01616,2025-12-06,15148.95,u073,u060,15000
D01617,2025-02-26,45789.02,u014,u039,15000
D01618,2025-09-28,4377.92,u024,u049,15000
D01619,2025-11-28,2998.43,u014,u002,15000
D01620,2025-02-11,9612.3,u074,u010,15000
D01621,2025-06-04,10518.86,u089,u017,15000
D01622,2025-09-11,11462.63,u072,u087,15000
D01623,2025-09-20,1366.34,u055,u003,15000
D01624,2025-05-17,15435.56,u042,u042,15000
D01625,2025-03-23,7203.15,x005,u030,15000
D01626,2025-03-23,3366.6,u085,u050,15000
D01627,2025-11-02,6463.5,u083,u009,15000
D01628,2025-11-27,51398.43,u077,u087,15000
D01629,2025-05-19,16746.84,u056,u058,15000
D01630,2025-08-12,21876.47,u016,u084,15000
D01631,2025-11-08,19241.3,u087,u087,15000
D01632,2025-12-03,4148.37,u037,u068,15000
D01633,2025-12-23,1529.08,u070,u023,15000
D01634,2025-06-15,4378.08,u059,u073,15000
D01635,2025-08-12,3006.67,u007,u050,15000
D01636,2025-05-23,13991.77,u043,u014,15000
D01637,2025-06-17,2128.8,x006,u063,15000
D01638,2025-01-11,42693.54,u059,x006,15000
D01639,2025-08-08,14193.26,u009,u087,15000
D01640,2025-05-26,2183.33,u060,u063,15000
D01641,2025-07-11,1569.99,u019,u047,15000
D01642,2025-01-20,2974.64,u088,u065,15000
D01643,2025-12-19,9941.68,u002,u086,15000
D01644,2025-02-08,18891.36,u063,u057,15000
D01645,2025-08-07,13633.58,x006,u027,15000
D01646,2025-06-04,766.09,u020,u073,15000
D01647,2025-09-23,18480.53,u002,u043,15000
D01648,2025-03-16,9729.79,u054,u009,15000
D01649,2025-02-12,6247.8,u040,u084,15000
D01650,2025-04-25,8676.56,u053,u059,15000
D01651,2025-08-16,17909.36,u012,u037,15000
D01652,2025-07-23,1957.02,u053,u002,15000
D01653,2025-03-14,3765.95,u044,u055,15000
D01654,2025-04-24,4789.56,u064,u017,15000
D01655,2025-01-26,9148.59,u058,u029,15000
D01656,2025-05-26,6578.44,u090,u069,15000
D01657,2025-11-14,7007.24,u080,u089,15000
D01658,2025-05-17,9017.05,u063,u085,15000
D01659,2025-12-17,11144.64,u074,u050,15000
D01660,2025-05-27,2008.12,u017,u026,15000
D01661,2025-10-17,2815.74,u063,u060,15000
D01662,2025-12-27,12155.67,u074,u089,15000
D01663,2025-02-07,13072.79,u037,u007,15000
D01664,2025-03-17,4063.59,u032,u088,15000
D01665,2025-08-28,43249.93,u018,u046,15000
D01666,2025-04-06,62649.2,u001,u062,15000
D01667,2025-03-09,1113.74,u065,u006,15000
D01668,2025-03-15,1649.44,u036,u065,15000
D01669,2025-09-07,2545.09,u018,u090,15000
D01670,2025-03-22,4626.62,u078,u027,15000
D01671,2025-08-15,4739.43,u019,u068,15000
D01672,2025-07-04,3868.16,u030,u050,15000
D01673,2025-07-24,7193.56,u060,u024,15000
D01674,2025-07-02,7528.16,u053,u085,15000
D01675,2025-01-15,13673.77,u088,u022,15000
D01676,2025-08-12,8754.99,u017,u022,15000
D01677,2025-11-02,1848.29,u075,u002,15000
D01678,2025-09-15,7885.81,u007,x004,15000
D01679,2025-03-10,3940.61,u026,u056,15000
D01680,2025-07-02,12392.98,u031,u007,15000
D01681,2025-04-23,1704.57,u086,u015,15000
D01682,2025-03-07,1817.24,u087,u047,15000
D01683,2025-08-28,1941.63,u040,u008,15000
D01684,2025-11-17,9101.78,u039,u054,15000
D01685,2025-02-04,4217.87,x006,u022,15000
D01686,2025-03-20,14203.43,u055,u088,15000
D01687,2025-10-26,8696.78,u082,u016,15000
D01688,2025-09-14,38354.61,u059,u072,15000
D01689,2025-01-28,71696.5,u088,u031,15000
D01690,2025-08-20,9393.72,u083,u032,15000
D01691,2025-04-09,12382.38,u057,u048,15000
D01692,2025-02-14,5982.48,u039,u054,15000
D01693,2025-03-25,3728.65,u059,u051,15000
D01694,2025-04-02,3766.37,x005,u060,15000
D01695,2025-04-18,1219.66,u084,u003,15000
D01696,2025-05-08,26795.7,u078,u007,15000
D01697,2025-05-23,5575.04,u088,u066,15000
D01698,2025-08-04,13658.83,u052,u049,15000
D01699,2025-01-03,7230.88,u024,u020,15000
D01700,2025-03-27,18268.1,u039,u077,15000
D01701,2025-01-22,8535.9,u069,u071,15000
D01702,2025-10-27,4521.4,u025,u040,15000
D01703,2025-01-26,10677.52,u038,u058,15000
D01704,2025-06-20,2868.54,u054,u070,15000
D01705,2025-09-05,7397.69,u001,u042,15000
D01706,2025-12-14,361.12,u068,u088,15000
D01707,2025-07-04,4890.57,u026,u001,15000
D01708,2025-12-26,21488.75,u072,u052,15000
D01709,2025-12-25,15591.13,u022,u043,15000
D01710,2025-10-19,10897.29,u027,u016,15000
D01711,2025-05-08,8257.29,u066,u085,15000
D01712,2025-08-03,3087.68,u026,u064,15000
D01713,2025-01-23,18156.74,x004,u073,15000
D01714,2025-04-28,10140.69,u012,u037,15000
D01715,2025-12-05,1913.91,u028,x006,15000
D01716,2025-12-09,5509.35,u042,x002,15000
D01717,2025-08-01,5029.85,u044,u038,15000
D01718,2025-06-11,1942.99,u032,u015,15000
D01719,2025-12-11,3803.35,u062,u025,15000
D01720,2025-06-24,2167.32,u031,u038,15000
D01721,2025-10-06,3412.35,u027,u004,15000
D01722,2025-07-27,1510.11,x005,u005,15000
D01723,2025-09-16,2110.07,x002,u040,15000
D01724,2025-05-05,8116.15,u077,u082,15000
D01725,2025-11-01,21226.94,u060,x006,15000
D01726,2025-09-27,3796.85,u001,u034,15000
D01727,2025-05-17,2446.68,u090,u081,15000
D01728,2025-09-20,2764.48,u005,u042,15000
D01729,2025-05-13,8328.85,u043,u084,15000
D01730,2025-07-27,3933.17,u028,u040,15000
D01731,2025-05-26,8249.76,u070,u020,15000
D01732,2025-04-13,92580.83,u043,u020,15000
D01733,2025-02-17,1353.39,u056,u071,15000
D01734,2025-12-22,1102.02,u001,u059,15000
D01735,2025-05-03,10277.41,x003,u013,15000
D01736,2025-11-24,16501.08,u052,u033,15000
D01737,2025-01-03,11072.48,u020,u021,15000
D01738,2025-03-21,1944.79,x004,u027,15000
D01739,2025-04-15,3415.15,u020,u008,15000
D01740,2025-06-20,1618.03,u063,u060,15000
D01741,2025-10-18,13873.83,u010,u038,15000
D01742,2025-11-27,3880.35,u090,u073,15000
D01743,2025-11-13,3425.69,u039,u053,15000
D01744,2025-12-10,7219.87,u058,u065,15000
D01745,2025-02-20,3385.15,u040,u014,15000
D01746,2025-09-03,10024.16,u012,u001,15000
D01747,2025-01-17,10982.91,u005,u049,15000
D01748,2025-12-05,5813.68,u009,u069,15000
D01749,2025-09-17,8956.79,u027,u020,15000
D01750,2025-04-02,1639.95,x002,u004,15000
D01751,2025-07-09,3296.81,u081,u029,15000
D01752,2025-04-10,4433.78,u033,u004,15000
D01753,2025-11-25,2705.18,u056,u009,15000
D01754,2025-05-28,10775.42,x002,u059,15000
D01755,2025-02-08,24393.45,u005,u005,15000
D01756,2025-09-21,4534.99,u047,u044,15000
D01757,2025-05-03,2806.76,x005,u055,15000
D01758,2025-05-02,6586.01,u041,u086,15000
D01759,2025-12-14,7099.72,u020,u030,15000
D01760,2025-11-22,4010.99,u026,u032,15000
D01761,2025-07-07,2030.78,u018,u014,15000
D01762,2025-12-06,638.46,u021,u002,15000
D01763,2025-09-13,2696.97,u026,u082,15000
D01764,2025-09-02,603.32,u073,u053,15000
D01765,2025-02-16,11407.9,u010,x001,15000
D01766,2025-05-18,22629.0,u060,u026,15000
D01767,2025-05-17,15070.92,u065,u022,15000
D01768,2025-03-06,1822.86,u044,u066,15000
D01769,2025-07-04,1709.11,u001,u085,15000
D01770,2025-11-23,6383.39,u029,u016,15000
D01771,2025-10-27,8544.14,u046,x001,15000
D01772,2025-08-24,30533.53,u083,u051,15000
D01773,2025-07-02,4655.83,u055,u034,15000
D01774,2025-01-27,3919.88,u028,u030,15000
D01775,2025-07-28,23877.69,u075,u075,15000
D01776,2025-09-13,4621.09,u017,u056,15000
D01777,2025-06-25,2798.27,u047,u070,15000
D01778,2025-10-16,4016.87,u002,u038,15000
D01779,2025-04-21,3757.91,u023,u064,15000
D01780,2025-03-08,4077.68,u006,u048,15000
D01781,2025-12-14,1959.79,u010,u011,15000
D01782,2025-06-06,2822.02,u028,x005,15000
D01783,2025-01-11,35423.94,u040,u040,15000
D01784,2025-01-24,2661.94,x006,u076,15000
D01785,2025-08-02,7857.78,u015,u074,15000
D01786,2025-11-25,22200.76,u027,u027,15000
D01787,2025-11-26,25539.28,u081,u061,15000
D01788,2025-04-17,7699.32,u055,u070,15000
D01789,2025-01-26,5940.03,u029,u049,15000
D01790,2025-02-03,1531.01,u066,u064,15000
D01791,2025-11-23,3510.99,u046,u049,15000
D01792,2025-09-06,23314.18,u023,u084,15000
D01793,2025-11-27,4677.81,u073,u064,15000
D01794,2025-08-26,1651.43,u066,u013,15000
D01795,2025-11-13,2585.0,u036,u063,15000
D01796,2025-02-07,3214.31,u047,u025,15000
D01797,2025-03-14,5057.7,u087,u063,15000
D01798,2025-06-11,18806.5,u068,u064,15000
D01799,2025-05-23,4073.23,u026,u072,15000
D01800,2025-02-26,3855.45,u006,u003,15000
D01801,2025-06-24,1623.47,u077,u017,15000
D01802,2025-05-21,1985.54,u028,u037,15000
D01803,2025-04-24,2205.81,x001,u036,15000
D01804,2025-12-15,11720.16,u031,u037,15000
D01805,2025-09-15,560.04,u075,u022,15000
D01806,2025-10-05,5041.89,u038,u068,15000
D01807,2025-09-19,1530.33,x006,u012,15000
D01808,2025-07-08,16841.58,u068,u039,15000
D01809,2025-01-05,16988.55,u035,u053,15000
D01810,2025-03-26,908.57,u054,x006,15000
D01811,2025-02-08,5119.61,u035,u074,15000
D01812,2025-03-22,1197.41,u012,u059,15000
D01813,2025-11-23,2911.48,x006,u004,15000
D01814,2025-05-05,5425.31,u001,u014,15000
D01815,2025-02-28,11346.15,u043,u083,15000
D01816,2025-05-09,18693.64,u046,u008,15000
D01817,2025-10-10,25999.06,u072,u066,15000
D01818,2025-09-20,12595.49,u023,u029,15000
D01819,2025-05-18,3987.54,u039,u028,15000
D01820,2025-09-04,2362.26,u026,u020,15000
D01821,2025-12-02,522.88,x003,u042,15000
D01822,2025-03-13,3695.69,u002,u036,15000
D01823,2025-11-09,1115.78,u016,u049,15000
D01824,2025-10-12,2605.42,u010,u089,15000
D01825,2025-02-04,15904.81,u063,u073,15000
D01826,2025-06-23,3346.21,u039,u025,15000
D01827,2025-09-03,1415.91,u079,u072,15000
D01828,2025-01-23,4107.9,u036,u050,15000
D01829,2025-05-09,1959.13,u021,u058,15000
D01830,2025-02-08,1381.11,x005,u085,15000
D01831,2025-09-03,11077.51,u008,u076,15000
D01832,2025-05-16,6475.61,u007,u010,15000
D01833,2025-10-17,4780.52,u055,u031,15000
D01834,2025-06-12,8179.73,u054,u087,15000
D01835,2025-05-23,8751.29,u013,u026,15000
D01836,2025-01-01,23692.28,u055,u088,15000
D01837,2025-02-14,2016.91,u043,u029,15000
D01838,2025-10-27,3097.03,u007,u016,15000
D01839,2025-10-28,62663.48,u054,u075,15000
D01840,2025-09-15,1786.69,u042,u045,15000
D01841,2025-09-18,18888.72,u011,u008,15000
D01842,2025-04-10,1583.91,u021,u002,15000
D01843,2025-08-26,881.5,u077,u004,15000
D01844,2025-01-01,2783.98,u030,u090,15000
D01845,2025-10-20,6541.38,u014,u055,15000
D01846,2025-08-19,10424.47,u066,u048,15000
D01847,2025-07-04,4555.44,u022,u030,15000
D01848,2025-02-03,9036.22,x006,u044,15000
D01849,2025-04-03,1389.31,x004,u024,15000
D01850,2025-06-16,18553.49,u075,u067,15000
D01851,2025-06-18,17201.73,u027,u004,15000
D01852,2025-02-25,2577.76,u077,u038,15000
D01853,2025-07-04,1492.86,u011,u019,15000
D01854,2025-04-07,242.85,u032,x002,15000
D01855,2025-10-15,24400.2,u002,u084,15000
D01856,2025-12-13,2117.16,u071,u052,15000
D01857,2025-03-13,5922.55,u005,u020,15000
D01858,2025-12-16,5926.8,u034,u010,15000
D01859,2025-09-20,3086.59,u023,u088,15000
D01860,2025-08-25,56928.71,u009,x005,15000
D01861,2025-02-10,19258.9,u015,u007,15000
D01862,2025-08-19,24276.23,u008,u036,15000
D01863,2025-02-11,7373.4,x003,u004,15000
D01864,2025-03-11,1189.06,u053,u062,15000
D01865,2025-12-15,4068.46,u058,u090,15000
D01866,2025-12-15,1550.33,u022,u007,15000
D01867,2025-04-28,5789.73,x001,u026,15000
D01868,2025-03-12,21958.2,u036,u068,15000
D01869,2025-09-04,1174.62,u029,u025,15000
D01870,2025-03-07,12708.16,u030,u019,15000
D01871,2025-10-04,3380.43,u047,x006,15000
D01872,2025-01-10,3528.33,u085,u031,15000
D01873,2025-08-03,11539.21,u085,u061,15000
D01874,2025-07-23,24977.78,u057,x002,15000
D01875,2025-05-17,887.85,u070,u028,15000
D01876,2025-07-22,12740.94,u089,x005,15000
D01877,2025-11-28,3533.88,u004,u058,15000
D01878,2025-11-23,9797.36,u033,x001,15000
D01879,2025-12-07,5384.26,u069,u017,15000
D01880,2025-10-07,3991.83,u059,u035,15000
D01881,2025-12-03,13530.39,u049,u081,15000
D01882,2025-10-16,3626.52,u003,x004,15000
D01883,2025-12-10,4942.68,u037,u073,15000
D01884,2025-02-21,11006.76,u064,u062,15000
D01885,2025-10-28,855.89,u085,u001,15000
D01886,2025-09-23,731.19,u051,u084,15000
D01887,2025-07-07,2546.7,u053,u037,15000
D01888,2025-08-17,10967.11,u075,u017,15000
D01889,2025-09-17,17692.4,u058,u035,15000
D01890,2025-10-05,7038.62,u045,u015,15000
D01891,2025-05-13,7209.28,u049,u004,15000
D01892,2025-05-07,2478.69,u065,u088,15000
D01893,2025-02-28,750.18,u012,u023,15000
D01894,2025-03-26,2665.12,u033,u023,15000
D01895,2025-02-19,2163.14,u049,u065,15000
D01896,2025-08-02,6645.56,u018,u054,15000
D01897,2025-01-01,4041.7,u009,u029,15000
D01898,2025-10-07,19975.43,u001,u070,15000
D01899,2025-12-04,2845.22,u085,u077,15000
D01900,2025-11-07,6912.49,u031,u076,15000
D01901,2025-12-12,14190.27,u008,u005,15000
D01902,2025-05-14,6951.66,u067,x006,15000
D01903,2025-12-10,6952.91,u032,u069,15000
D01904,2025-12-11,18497.07,u018,u081,15000
D01905,2025-01-16,892.4,u036,x006,15000
D01906,2025-06-04,2180.34,u004,u086,15000
D01907,2025-08-13,3757.81,x001,u045,15000
D01908,2025-07-19,475.17,u053,u014,15000
D01909,2025-12-28,20633.84,u061,u031,15000
D01910,2025-12-01,9259.38,u044,u028,15000
D01911,2025-09-17,10067.12,u025,u078,15000
D01912,2025-09-18,666.96,u043,u032,15000
D01913,2025-10-18,8477.2,u068,u045,15000
D01914,2025-12-27,3942.3,u029,u081,15000
D01915,2025-08-19,8450.92,u068,u087,15000
D01916,2025-12-13,1847.77,u081,u012,15000
D01917,2025-09-14,24237.19,u033,u011,15000
D01918,2025-04-10,1326.46,u035,u048,15000
D01919,2025-07-18,15303.5,u068,u073,15000
D01920,2025-07-05,3158.14,u016,u072,15000
D01921,2025-11-12,2056.97,u044,u037,15000
D01922,2025-03-20,26422.33,x003,u064,15000
D01923,2025-04-07,3368.06,u051,u084,15000
D01924,2025-08-12,1736.18,u025,u034,15000
D01925,2025-07-19,2763.06,u006,u014,15000
D01926,2025-10-12,4456.11,u089,x006,15000
D01927,2025-06-20,7490.83,u046,u088,15000
D01928,2025-11-22,1753.79,u028,u029,15000
D01929,2025-10-07,5799.51,x005,u015,15000
D01930,2025-03-10,2334.09,u010,u036,15000
D01931,2025-09-21,4260.96,u047,u025,15000
D01932,2025-11-02,6443.42,u014,u012,15000
D01933,2025-04-03,38232.15,u062,u010,15000
D01934,2025-08-25,8326.2,u061,u028,15000
D01935,2025-06-09,10344.89,u012,u022,15000
D01936,2025-08-11,1181.61,x006,u080,15000
D01937,2025-05-28,18865.77,x006,u079,15000
D01938,2025-03-01,11118.78,u077,u062,15000
D01939,2025-08-25,1667.74,u035,u013,15000
D01940,2025-10-27,8306.75,u071,u027,15000
D01941,2025-01-12,9626.41,u065,u088,15000
D01942,2025-07-01,3320.71,u088,u079,15000
D01943,2025-01-01,2032.04,u034,u009,15000
D01944,2025-10-24,5828.48,u067,u090,15000
D01945,2025-10-23,2643.52,u005,u069,15000
D01946,2025-06-15,2566.32,u020,u026,15000
D01947,2025-08-26,6326.23,u058,u078,15000
D01948,2025-04-22,5915.42,u021,u031,15000
D01949,2025-04-26,9626.78,u061,u050,15000
D01950,2025-10-02,2602.44,u084,u018,15000
D01951,2025-06-19,4178.23,u082,u057,15000
D01952,2025-01-19,27117.52,u059,u033,15000
D01953,2025-08-10,5353.15,u011,u090,15000
D01954,2025-06-02,1199.61,u019,u065,15000
D01955,2025-12-27,6923.73,u054,u078,15000
D01956,2025-08-28,3538.59,x006,u006,15000
D01957,2025-12-21,32273.33,u014,u008,15000
D01958,2025-03-23,1236.45,u069,u085,15000
D01959,2025-08-17,7905.28,u075,u032,15000
D01960,2025-01-05,4974.25,u082,u023,15000
D01961,2025-05-04,959.68,u051,u068,15000
D01962,2025-07-24,9284.67,u013,u062,15000
D01963,2025-11-02,4040.02,u083,u009,15000
D01964,2025-12-17,5572.2,u076,u084,15000
D01965,2025-03-11,1159.91,u037,u014,15000
D01966,2025-04-04,731.1,u069,u035,15000
D01967,2025-02-11,22888.43,u088,x006,15000
D01968,2025-01-25,3360.71,u044,u066,15000
D01969,2025-09-20,13291.54,u032,u002,15000
D01970,2025-11-27,9828.13,x005,u019,15000
D01971,2025-10-02,2860.46,u033,u082,15000
D01972,2025-05-20,4042.84,u010,u069,15000
D01973,2025-12-17,2562.92,u009,u058,15000
D01974,2025-05-24,2542.24,u080,u052,15000
D01975,2025-09-10,10482.25,u070,u067,15000
D01976,2025-04-19,9853.58,u084,u063,15000
D01977,2025-02-27,5288.87,u024,u030,15000
D01978,2025-07-11,14321.09,u053,u054,15000
D01979,2025-01-18,5182.77,u012,x005,15000
D01980,2025-01-08,3156.9,u056,u060,15000
D01981,2025-10-12,3728.28,u070,u076,15000
D01982,2025-05-26,9954.0,x001,u028,15000
D01983,2025-05-05,27073.04,u028,u007,15000
D01984,2025-10-10,2197.42,u068,u030,15000
D01985,2025-05-01,933.1,u085,u027,15000
D01986,2025-01-08,19860.94,u077,u066,15000
D01987,2025-06-08,27381.49,u074,u005,15000
D01988,2025-09-14,13707.45,u082,u061,15000
D01989,2025-01-02,24905.63,u050,u008,15000
D01990,2025-04-16,8371.43,u041,u068,15000
D01991,2025-05-22,1738.34,u023,u075,15000
D01992,2025-12-25,1637.09,u090,x006,15000
D01993,2025-06-25,4830.18,u055,u009,15000
D01994,2025-05-13,5527.13,u036,u024,15000
D01995,2025-03-28,10978.37,u084,u021,15000
D01996,2025-08-08,8788.86,u037,u066,15000
D01997,2025-01-01,2201.87,u086,u084,15000
D01998,2025-12-04,3699.12,u049,u048,15000
D01999,2025-10-22,3680.17,u013,u031,15000
D02000,2025-09-02,2745.33,u003,u075,15000
D02001,2025-09-09,31694.48,u077,x001,15000
D02002,2025-03-25,4996.45,u088,u051,15000
D02003,2025-08-04,2913.8,u074,u015,15000
D02004,2025-02-13,27131.84,u079,u008,15000
D02005,2025-04-27,6834.02,u070,u001,15000
D02006,2025-10-06,1338.47,u032,u058,15000
D02007,2025-06-08,1335.94,u007,u087,15000
D02008,2025-09-09,1151.74,u033,x004,15000
D02009,2025-10-01,2731.63,x002,u046,15000
D02010,2025-02-22,5116.05,u060,u031,15000
D02011,2025-11-10,1554.79,u054,u070,15000
D02012,2025-11-25,6532.38,u026,u014,15000
D02013,2025-02-25,47071.82,u044,u029,15000
D02014,2025-02-17,3946.19,u019,x005,15000
D02015,2025-08-15,10437.51,u008,u086,15000
D02016,2025-12-18,4429.23,u089,x004,15000
D02017,2025-11-28,3117.63,u016,u089,15000
D02018,2025-12-05,1182.95,u016,u050,15000
D02019,2025-01-08,318.77,u011,u024,15000
D02020,2025-05-05,3109.64,x005,u019,15000
D02021,2025-12-27,31887.41,u085,u045,15000
D02022,2025-05-16,7167.41,u043,u087,15000
D02023,2025-01-06,26366.09,u002,u014,15000
D02024,2025-06-02,12136.54,u045,u039,15000
D02025,2025-08-12,2356.0,u025,u012,15000
D02026,2025-02-04,4627.16,u028,u024,15000
D02027,2025-12-14,543.93,u021,u082,15000
D02028,2025-12-12,26639.21,u027,u053,15000
D02029,2025-03-24,4167.3,u034,u042,15000
D02030,2025-10-28,6987.01,u035,u089,15000
D02031,2025-12-22,8643.27,u083,u011,15000
D02032,2025-02-05,1249.07,u009,u023,15000
D02033,2025-11-27,12550.98,u052,u005,15000
D02034,2025-03-07,5828.88,u031,u037,15000
D02035,2025-01-11,753.02,u051,u059,15000
D02036,2025-06-03,3394.35,u052,u005,15000
D02037,2025-04-12,250.01,u026,u055,15000
D02038,2025-07-20,870.49,u014,x001,15000
D02039,2025-04-11,4127.78,u079,u069,15000
D02040,2025-07-02,709.5,u008,u034,15000
D02041,2025-09-17,9194.88,u085,u045,15000
D02042,2025-04-18,5390.87,u031,u003,15000
D02043,2025-03-15,8379.65,u012,x004,15000
D02044,2025-04-15,2405.1,u072,u035,15000
D02045,2025-02-14,7116.71,u047,u084,15000
D02046,2025-05-07,5042.09,u037,u045,15000
D02047,2025-05-11,3461.98,u044,u062,15000
D02048,2025-10-02,1596.57,u044,u055,15000
D02049,2025-01-16,9356.23,u030,u037,15000
D02050,2025-09-22,10594.1,u027,u012,15000
D02051,2025-02-23,3650.51,u084,u017,15000
D02052,2025-08-16,2088.26,u073,u057,15000
D02053,2025-08-28,6775.31,u043,u054,15000
D02054,2025-07-05,5736.99,u017,u047,15000
D02055,2025-07-15,2333.33,u037,u032,15000
D02056,2025-10-11,11609.0,u045,u035,15000
D02057,2025-02-18,27846.97,u004,u004,15000
D02058,2025-04-07,2205.79,u052,u061,15000
D02059,2025-11-24,2490.25,u056,u044,15000
D02060,2025-06-01,25396.19,u071,u036,15000
D02061,2025-08-25,2432.91,x001,u042,15000
D02062,2025-09-21,4756.95,x002,u003,15000
D02063,2025-01-22,2977.8,u017,u016,15000
D02064,2025-11-06,2724.56,u040,u008,15000
D02065,2025-09-04,6224.51,u083,u054,15000
D02066,2025-02-03,8033.31,x006,u027,15000
D02067,2025-09-07,22021.97,u023,u088,15000
D02068,2025-10-19,71270.93,u014,u015,15000
D02069,2025-06-17,585.89,u024,u045,15000
D02070,2025-05-17,3049.92,u071,u064,15000
D02071,2025-08-28,2111.29,u008,u080,15000
D02072,2025-01-12,2940.0,u043,u035,15000
D02073,2025-03-14,11234.3,u050,u041,15000
D02074,2025-12-11,18350.32,u046,u009,15000
D02075,2025-08-21,4894.07,u061,u044,15000
D02076,2025-12-04,5645.64,u077,u004,15000
D02077,2025-06-26,747.4,u045,u022,15000
D02078,2025-09-15,3343.47,u059,x002,15000
D02079,2025-10-13,2175.74,u054,u017,15000
D02080,2025-12-11,5095.93,u043,u032,15000
D02081,2025-04-16,367.91,x001,u037,15000
D02082,2025-03-09,17522.95,u036,u072,15000
D02083,2025-09-05,7196.7,u036,u040,15000
D02084,2025-12-01,4241.47,u043,u034,15000
D02085,2025-03-05,2725.84,u085,u052,15000
D02086,2025-04-25,18669.35,u002,u011,15000
D02087,2025-06-25,1553.18,u069,u055,15000
D02088,2025-07-17,969.61,u047,u062,15000
D02089,2025-04-20,3983.1,x002,u084,15000
D02090,2025-03-01,5278.49,u075,u049,15000
D02091,2025-09-20,9843.99,u021,u014,15000
D02092,2025-09-10,7071.83,x002,u081,15000
D02093,2025-08-07,2088.28,u003,u069,15000
D02094,2025-06-08,2702.28,u031,u088,15000
D02095,2025-07-21,35128.35,u041,x002,15000
D02096,2025-01-12,10252.48,u061,u008,15000
D02097,2025-08-09,8031.57,u047,u026,15000
D02098,2025-06-15,2421.52,u001,u066,15000
D02099,2025-04-21,9869.51,u028,u002,15000
D02100,2025-07-09,3674.16,u005,u076,15000
D02101,2025-03-09,5138.7,u065,u025,15000
D02102,2025-05-20,12266.34,u029,u032,15000
D02103,2025-11-10,3515.89,u061,u027,15000
D02104,2025-12-06,4947.49,u067,u058,15000
D02105,2025-07-18,14044.27,u068,u083,15000
D02106,2025-05-13,4050.18,u028,u071,15000
D02107,2025-01-11,29889.09,u018,x001,15000
D02108,2025-04-25,18346.63,x002,u005,15000
D02109,2025-07-28,20727.58,u027,u031,15000
D02110,2025-01-15,56924.89,u057,u037,15000
D02111,2025-05-07,6343.13,u041,u065,15000
D02112,2025-05-24,6838.2,u014,u080,15000
D02113,2025-10-19,5495.4,u008,u083,15000
D02114,2025-11-14,9099.64,u072,x002,15000
D02115,2025-12-20,9795.79,u034,u011,15000
D02116,2025-07-23,3921.28,u009,x001,15000
D02117,2025-01-15,2155.02,u083,u036,15000
D02118,2025-01-25,15265.2,u053,u007,15000
D02119,2025-05-21,985.5,u053,u042,15000
D02120,2025-05-22,36860.04,u035,u035,15000
D02121,2025-02-10,13749.17,u038,u014,15000
D02122,2025-09-08,17083.96,u068,u005,15000
D02123,2025-05-10,16383.04,u083,u006,15000
D02124,2025-12-09,4917.82,u070,u036,15000
D02125,2025-09-20,5078.83,u043,u003,15000
D02126,2025-08-23,5787.01,u078,u012,15000
D02127,2025-12-23,13905.12,u068,u080,15000
D02128,2025-09-16,6785.79,u072,u065,15000
D02129,2025-11-03,3255.88,u056,u008,15000
D02130,2025-05-13,781.73,u001,u053,15000
D02131,2025-04-28,6531.77,u087,u036,15000
D02132,2025-06-06,7191.97,u018,x006,15000
D02133,2025-01-07,878.99,u060,u038,15000
D02134,2025-08-10,2815.27,u069,u070,15000
D02135,2025-11-05,4470.5,u065,u002,15000
D02136,2025-03-20,4964.21,u017,u081,15000
D02137,2025-05-16,32271.77,u021,u052,15000
D02138,2025-12-27,1467.36,u017,u048,15000
D02139,2025-01-05,33929.41,u002,u058,15000
D02140,2025-02-12,5649.24,u065,u019,15000
D02141,2025-10-22,1051.19,u080,u006,15000
D02142,2025-05-07,7062.66,u075,u046,15000
D02143,2025-03-13,2591.5,u079,u032,15000
D02144,2025-12-04,7210.88,u049,u024,15000
D02145,2025-11-28,7648.41,u048,u002,15000
D02146,2025-12-02,4629.68,u028,u083,15000
D02147,2025-09-26,1587.78,u041,u045,15000
D02148,2025-02-17,3595.25,u088,u002,15000
D02149,2025-02-26,6149.74,u047,u013,15000
D02150,2025-12-18,4061.83,u085,x006,15000
D02151,2025-06-28,4143.56,u056,u039,15000
D02152,2025-01-25,1570.84,u025,u004,15000
D02153,2025-06-25,10579.33,u088,u071,15000
D02154,2025-01-20,1872.09,u056,u077,15000
D02155,2025-05-19,4560.42,u016,u077,15000
D02156,2025-12-25,15955.04,u001,u028,15000
D02157,2025-01-07,3542.09,u077,u003,15000
D02158,2025-01-28,6821.24,x006,u032,15000
D02159,2025-08-06,25707.86,u016,u084,15000
D02160,2025-01-19,6369.38,u024,x003,15000
D02161,2025-08-27,5291.95,u083,u077,15000
D02162,2025-03-24,21571.73,u013,x005,15000
D02163,2025-11-13,7383.04,u065,u072,15000
D02164,2025-06-28,5411.82,u037,u042,15000
D02165,2025-12-22,6813.18,u019,u089,15000
D02166,2025-10-20,1503.75,u075,u012,15000
D02167,2025-08-04,6044.53,u028,u029,15000
D02168,2025-08-02,35755.44,x005,u084,15000
D02169,2025-07-13,1569.67,u012,u045,15000
D02170,2025-08-10,4488.57,u006,u020,15000
D02171,2025-05-04,2372.14,u011,u070,15000
D02172,2025-11-14,1385.13,u011,u088,15000
D02173,2025-02-28,3320.75,u008,u085,15000
D02174,2025-06-14,19037.85,u082,x001,15000
D02175,2025-05-16,3636.54,u054,u015,15000
D02176,2025-10-16,12077.71,u013,u050,15000
D02177,2025-06-22,3359.96,u014,u028,15000
D02178,2025-02-11,2028.75,u044,u008,15000
D02179,2025-12-01,10086.6,u067,u034,15000
D02180,2025-04-19,12606.06,u047,u090,15000
D02181,2025-02-03,4197.22,u037,x001,15000
D02182,2025-08-25,2733.15,u056,u041,15000
D02183,2025-05-07,11076.19,u006,u050,15000
D02184,2025-10-11,7392.62,u072,u001,15000
D02185,2025-05-01,1991.22,x006,u024,15000
D02186,2025-03-16,3842.94,x004,u017,15000
D02187,2025-04-08,15225.32,u082,u027,15000
D02188,2025-07-22,18404.26,u078,u076,15000
D02189,2025-03-12,9624.43,u080,u070,15000
D02190,2025-06-16,4591.03,u001,u002,15000
D02191,2025-04-10,14550.15,u051,u086,15000
D02192,2025-04-18,1508.79,u031,u068,15000
D02193,2025-05-25,804.79,u052,u061,15000
D02194,2025-06-23,8070.61,u090,u078,15000
D02195,2025-08-25,1947.68,u025,u031,15000
D02196,2025-05-04,13789.54,u039,u063,15000
D02197,2025-11-19,14693.58,u084,u043,15000
D02198,2025-08-02,2878.09,u030,u071,15000
D02199,2025-06-16,4897.23,u017,u038,15000
D02200,2025-12-27,252.66,u030,u044,15000
D02201,2025-10-03,3432.4,u008,u066,15000
D02202,2025-01-19,3200.14,u077,u018,15000
D02203,2025-01-05,1042.46,u038,u013,15000
D02204,2025-02-28,17807.27,u065,u071,15000
D02205,2025-11-07,1390.69,u021,u013,15000
D02206,2025-07-26,2155.4,u021,u001,15000
D02207,2025-12-07,16281.13,x006,u014,15000
D02208,2025-11-10,6832.07,u083,u084,15000
D02209,2025-11-27,21495.0,u036,u044,15000
D02210,2025-08-05,6171.66,u002,u067,15000
D02211,2025-10-11,3608.75,x003,u066,15000
D02212,2025-01-23,9304.75,u029,u033,15000
D02213,2025-02-06,8249.21,u048,u025,15000
D02214,2025-07-22,2481.14,u004,u046,15000
D02215,2025-11-09,6309.29,u075,u080,15000
D02216,2025-04-11,8319.22,u083,u048,15000
D02217,2025-10-15,3538.02,u068,u030,15000
D02218,2025-08-07,22342.27,x002,u061,15000
D02219,2025-09-28,11076.13,u035,u073,15000
D02220,2025-09-24,150159.26,u032,u033,15000
D02221,2025-08-23,14073.09,u072,x005,15000
D02222,2025-10-27,1445.57,u052,u073,15000
D02223,2025-05-14,2142.62,u053,u018,15000
D02224,2025-03-11,4616.49,u034,u049,15000
D02225,2025-08-04,3987.02,u002,u034,15000
D02226,2025-12-28,7145.66,u020,u068,15000
D02227,2025-03-07,2028.4,u051,u038,15000
D02228,2025-07-21,3536.18,u028,u043,15000
D02229,2025-03-06,1552.9,u024,u013,15000
D02230,2025-07-23,25661.11,u020,u088,15000
D02231,2025-08-25,1307.0,u032,u031,15000
D02232,2025-09-12,4293.14,u025,u017,15000
D02233,2025-10-01,4448.35,u071,u088,15000
D02234,2025-11-15,4485.82,x005,u085,15000
D02235,2025-05-14,386.57,u046,u042,15000
D02236,2025-11-17,16910.9,u078,u074,15000
D02237,2025-07-10,5767.95,u075,u024,15000
D02238,2025-07-14,4199.7,u076,u038,15000
D02239,2025-01-04,12618.89,u018,u024,15000
D02240,2025-08-03,1445.51,u077,u074,15000
D02241,2025-01-21,29605.07,u006,u009,15000
D02242,2025-01-14,8247.62,x006,u008,15000
D02243,2025-05-09,13744.66,u081,u070,15000
D02244,2025-03-05,24337.33,u039,u055,15000
D02245,2025-01-17,3010.25,u064,u036,15000
D02246,2025-01-16,25252.59,u008,u040,15000
D02247,2025-08-02,9673.63,u013,u014,15000
D02248,2025-12-12,2712.82,u041,u034,15000
D02249,2025-04-09,13147.22,u019,u029,15000
D02250,2025-11-06,1256.92,u033,u090,15000
D02251,2025-04-09,2661.77,u075,u008,15000
D02252,2025-06-23,10303.7,u006,u022,15000
D02253,2025-07-27,1486.79,u078,u068,15000
D02254,2025-06-02,3317.72,u080,u028,15000
D02255,2025-07-25,2430.44,x002,u010,15000
D02256,2025-05-04,1717.05,u008,u014,15000
D02257,2025-12-23,10617.7,u043,u062,15000
D02258,2025-05-20,7989.36,u041,u055,15000
D02259,2025-12-12,7891.43,u012,u021,15000
D02260,2025-03-24,15737.36,u040,u071,15000
D02261,2025-04-11,20007.77,u044,u047,15000
D02262,2025-12-25,6747.67,u002,u004,15000
D02263,2025-09-03,3630.95,x004,u020,15000
D02264,2025-05-08,22459.3,u067,u033,15000
D02265,2025-04-14,5217.83,u031,u067,15000
D02266,2025-07-24,3331.72,u011,u022,15000
D02267,2025-05-02,6059.92,u011,u070,15000
D02268,2025-08-27,2720.05,u056,u001,15000
D02269,2025-10-02,6597.29,u056,u066,15000
D02270,2025-04-18,6987.63,x005,u057,15000
D02271,2025-10-09,13529.94,u075,u090,15000
D02272,2025-12-12,1156.03,u026,u083,15000
D02273,2025-04-21,4572.27,u085,u082,15000
D02274,2025-02-28,2636.16,u090,u058,15000
D02275,2025-04-21,17006.72,u029,x004,15000
D02276,2025-11-28,2143.89,u051,x006,15000
D02277,2025-04-05,3049.23,u070,u078,15000
D02278,2025-06-17,2730.35,u079,u041,15000
D02279,2025-04-15,14256.58,x002,u070,15000
D02280,2025-02-13,2584.72,u058,u028,15000
D02281,2025-06-26,2046.81,u019,u076,15000
D02282,2025-07-24,5967.56,u019,u063,15000
D02283,2025-05-15,4514.28,u030,u032,15000
D02284,2025-05-25,21237.01,u018,x003,15000
D02285,2025-02-04,20864.94,u046,u048,15000
D02286,2025-04-15,5543.69,u029,u009,15000
D02287,2025-02-25,5426.06,u047,u056,15000
D02288,2025-07-01,2099.99,u090,u020,15000
D02289,2025-12-18,2831.98,u062,u005,15000
D02290,2025-12-19,8086.61,u076,u026,15000
D02291,2025-05-15,4344.7,u003,u011,15000
D02292,2025-04-09,4840.77,u041,u028,15000
D02293,2025-10-19,15470.14,x006,u042,15000
D02294,2025-04-24,7485.51,u003,u034,15000
D02295,2025-02-28,2109.74,u044,u067,15000
D02296,2025-04-23,540.13,u020,u052,15000
D02297,2025-11-03,3080.44,u037,u087,15000
D02298,2025-09-07,15913.86,u044,u035,15000
D02299,2025-07-07,2569.5,u043,u060,15000
D02300,2025-05-24,15156.23,u028,u046,15000
D02301,2025-07-16,36181.03,u068,u043,15000
D02302,2025-01-25,10055.42,u020,u002,15000
D02303,2025-02-21,23125.58,u074,u057,15000
D02304,2025-10-24,4889.87,u041,x003,15000
D02305,2025-09-24,3567.49,x001,u016,15000
D02306,2025-04-23,4425.67,u026,u065,15000
D02307,2025-07-10,2412.47,u083,u046,15000
D02308,2025-04-16,18526.57,u035,u010,15000
D02309,2025-02-19,1326.31,u056,u080,15000
D02310,2025-01-23,2914.55,u058,u051,15000
D02311,2025-11-27,1494.44,x004,u019,15000
D02312,2025-08-19,1296.75,u041,u067,15000
D02313,2025-12-19,910.6,u074,x002,15000
D02314,2025-01-28,2046.7,u038,u084,15000
D02315,2025-03-28,6999.33,u004,u044,15000
D02316,2025-04-21,1721.8,u087,u008,15000
D02317,2025-02-26,3455.52,u056,u055,15000
D02318,2025-03-13,11033.06,u058,u024,15000
D02319,2025-06-05,403.88,u041,u089,15000
D02320,2025-04-19,37060.8,u083,u018,15000
D02321,2025-09-03,14679.77,u053,u056,15000
D02322,2025-08-03,7934.67,u035,u040,15000
D02323,2025-11-02,892.53,x001,u033,15000
D02324,2025-11-02,21504.14,u074,u064,15000
D02325,2025-02-08,19303.0,u058,u009,15000
D02326,2025-02-16,2591.02,u085,u034,15000
D02327,2025-10-16,16271.7,u038,u038,15000
D02328,2025-07-01,6517.67,u026,u065,15000
D02329,2025-01-17,1353.12,u063,u086,15000
D02330,2025-04-13,10346.97,u032,u042,15000
D02331,2025-02-01,3608.27,u020,u042,15000
D02332,2025-02-20,8174.8,u023,u042,15000
D02333,2025-11-04,2842.62,u053,u055,15000
D02334,2025-11-15,26511.37,u084,u089,15000
D02335,2025-05-15,4572.97,u025,u054,15000
D02336,2025-05-11,3291.45,u080,u039,15000
D02337,2025-10-22,3657.63,u044,u030,15000
D02338,2025-04-25,6403.16,u033,u050,15000
D02339,2025-07-13,1208.5,u042,u046,15000
D02340,2025-01-02,1171.98,u003,u048,15000
D02341,2025-10-13,3658.72,u010,u056,15000
D02342,2025-11-21,10128.48,u058,u042,15000
D02343,2025-09-13,6129.19,u001,x003,15000
D02344,2025-07-19,10141.57,u015,u028,15000
D02345,2025-06-16,3054.34,u030,u028,15000
D02346,2025-03-18,4947.91,u090,u041,15000
D02347,2025-05-04,22562.73,u003,u016,15000
D02348,2025-01-11,115162.08,u021,u029,15000
D02349,2025-12-10,3340.39,u056,u022,15000
D02350,2025-08-04,6976.61,u055,u075,15000
D02351,2025-12-03,9457.79,u014,u050,15000
D02352,2025-12-09,14883.05,u035,u059,15000
D02353,2025-12-07,25306.1,u024,u011,15000
D02354,2025-08-16,12254.87,u067,u004,15000
D02355,2025-02-03,636.43,u039,x002,15000
D02356,2025-03-05,18077.33,u006,u006,15000
D02357,2025-07-28,3757.27,u078,u062,15000
D02358,2025-06-12,12800.53,x006,u001,15000
D02359,2025-03-17,8424.48,u007,x005,15000
D02360,2025-05-05,12742.31,u058,u004,15000
D02361,2025-06-14,6400.09,u043,u001,15000
D02362,2025-01-18,9603.88,u071,u079,15000
D02363,2025-05-21,15715.81,u034,u081,15000
D02364,2025-07-13,6110.52,u035,u009,15000
D02365,2025-12-14,5696.63,u002,u022,15000
D02366,2025-05-02,3330.84,u079,u081,15000
D02367,2025-04-09,4206.86,u061,u034,15000
D02368,2025-11-09,1754.93,u049,u015,15000
D02369,2025-05-21,3155.64,x004,u002,15000
D02370,2025-03-06,6393.96,u064,u046,15000
D02371,2025-10-26,11141.57,u016,u056,15000
D02372,2025-07-05,862.18,u003,u076,15000
D02373,2025-06-13,2448.15,u011,u018,15000
D02374,2025-07-13,1643.22,u007,u026,15000
D02375,2025-02-18,3692.83,u019,u018,15000
D02376,2025-04-24,6829.28,x002,u053,15000
D02377,2025-07-25,12636.7,u079,u008,15000
D02378,2025-07-18,8954.74,u028,u040,15000
D02379,2025-07-04,42804.33,u003,u007,15000
D02380,2025-03-23,6293.03,u042,x006,15000
D02381,2025-04-05,9559.16,u031,u042,15000
D02382,2025-07-01,22928.23,u008,u060,15000
D02383,2025-09-05,3592.92,u034,u025,15000
D02384,2025-02-18,1657.47,u055,u009,15000
D02385,2025-06-27,9283.46,u026,u027,15000
D02386,2025-11-27,11026.12,u054,u024,15000
D02387,2025-03-03,4598.28,u007,u049,15000
D02388,2025-07-09,4420.65,u011,x006,15000
D02389,2025-01-17,840.73,x001,u049,15000
D02390,2025-10-03,8776.12,u025,u057,15000
D02391,2025-01-10,688.18,u020,x005,15000
D02392,2025-03-03,9531.17,u065,u063,15000
D02393,2025-04-18,17147.29,u068,u005,15000
D02394,2025-07-15,16567.3,u013,u003,15000
D02395,2025-01-24,7395.15,u040,u063,15000
D02396,2025-08-22,28144.36,u026,u029,15000
D02397,2025-06-04,2760.28,u063,u007,15000
D02398,2025-08-12,3321.79,u045,u040,15000
D02399,2025-06-25,3508.56,u087,u032,15000
D02400,2025-01-03,9521.74,u063,u019,15000
D02401,2025-11-19,3644.42,x004,u050,15000
D02402,2025-03-13,8524.64,u072,u003,15000
D02403,2025-12-07,1271.73,x003,u063,15000
D02404,2025-02-08,12891.62,u067,u064,15000
D02405,2025-09-03,6662.67,u059,u016,15000
D02406,2025-06-04,6074.67,u017,u022,15000
D02407,2025-05-15,8489.89,u047,u029,15000
D02408,2025-01-16,3575.02,u025,u089,15000
D02409,2025-09-13,10427.08,u009,u046,15000
D02410,2025-10-03,589.63,u082,x005,15000
D02411,2025-01-25,14208.3,u079,u039,15000
D02412,2025-11-23,4323.41,u075,u070,15000
D02413,2025-03-14,23867.52,u010,u083,15000
D02414,2025-03-06,12132.81,u055,u017,15000
D02415,2025-01-05,9100.2,u013,u001,15000
D02416,2025-05-17,28313.97,u032,u081,15000
D02417,2025-02-26,4545.78,u089,u026,15000
D02418,2025-10-10,8417.05,u032,u079,15000
D02419,2025-06-16,8365.97,u087,u043,15000
D02420,2025-07-07,6702.56,u079,u046,15000
D02421,2025-02-27,5381.41,u067,u038,15000
D02422,2025-06-13,1313.07,u012,u035,15000
D02423,2025-08-24,8813.3,u022,u067,15000
D02424,2025-01-12,18695.11,u065,u053,15000
D02425,2025-09-17,2664.89,u017,u003,15000
D02426,2025-06-11,1549.57,u052,u027,15000
D02427,2025-12-17,8379.84,u044,u090,15000
D02428,2025-03-27,2465.81,u081,x003,15000
D02429,2025-09-03,1835.69,u049,u034,15000
D02430,2025-01-15,7395.18,u008,u077,15000
D02431,2025-06-17,2746.61,u007,u014,15000
D02432,2025-10-01,35228.19,u053,u024,15000
D02433,2025-04-16,1606.05,u081,u012,15000
D02434,2025-12-07,1437.67,u002,u073,15000
D02435,2025-01-06,4802.46,u030,u028,15000
D02436,2025-03-08,1703.49,u071,u080,15000
D02437,2025-01-06,49182.92,u033,u077,15000
D02438,2025-03-12,5153.16,x005,u083,15000
D02439,2025-04-26,25940.9,u015,x006,15000
D02440,2025-06-09,2987.84,u019,u070,15000
D02441,2025-04-14,3097.47,u062,u057,15000
D02442,2025-11-17,8672.94,u011,u086,15000
D02443,2025-12-05,6276.81,u026,u021,15000
D02444,2025-02-22,2595.28,u004,u069,15000
D02445,2025-07-12,7787.14,u048,u040,15000
D02446,2025-07-12,3622.88,u063,u056,15000
D02447,2025-04-02,39982.4,u005,u063,15000
D02448,2025-10-18,21599.84,u042,u029,15000
D02449,2025-04-03,4902.61,u010,u063,15000
D02450,2025-01-07,3088.44,u090,u043,15000
D02451,2025-12-20,5966.46,u065,u085,15000
D02452,2025-03-24,2799.93,u029,u026,15000
D02453,2025-07-25,26217.91,u089,u084,15000
D02454,2025-02-27,10780.33,u052,u056,15000
D02455,2025-03-04,4238.35,u018,u030,15000
D02456,2025-08-05,1845.94,u061,u063,15000
D02457,2025-09-01,7200.71,x003,u036,15000
D02458,2025-09-28,8254.94,u068,u079,15000
D02459,2025-05-14,11748.53,u006,u089,15000
D02460,2025-12-25,2920.3,u024,x006,15000
D02461,2025-08-11,2322.53,u037,u045,15000
D02462,2025-02-11,6226.08,u007,u039,15000
D02463,2025-06-02,7107.46,u076,u067,15000
D02464,2025-03-18,14211.66,u073,u034,15000
D02465,2025-08-07,17869.51,u084,u054,15000
D02466,2025-03-21,10628.08,u078,u015,15000
D02467,2025-11-02,18457.42,u057,u025,15000
D02468,2025-01-22,9947.93,u044,u054,15000
D02469,2025-12-09,5555.83,u025,x006,15000
D02470,2025-06-11,16585.85,u024,u010,15000
D02471,2025-09-26,1271.38,u066,u001,15000
D02472,2025-11-08,958.96,u043,u084,15000
D02473,2025-04-18,8582.57,u056,u027,15000
D02474,2025-08-04,3077.17,u064,u066,15000
D02475,2025-02-24,61542.81,u003,u073,15000
D02476,2025-05-22,2975.2,u026,u033,15000
D02477,2025-12-24,3083.39,u066,u035,15000
D02478,2025-02-23,2139.26,u006,u067,15000
D02479,2025-12-11,1561.61,u090,u040,15000
D02480,2025-09-14,19980.5,u043,u068,15000
D02481,2025-01-23,1796.14,u039,u083,15000
D02482,2025-10-14,7558.91,u084,u085,15000
D02483,2025-04-27,11897.17,u067,x002,15000
D02484,2025-02-18,1093.56,u045,u007,15000
D02485,2025-05-19,2744.9,u033,u087,15000
D02486,2025-10-21,4152.88,u007,u016,15000
D02487,2025-10-18,3397.68,u027,x004,15000
D02488,2025-12-12,15527.74,u067,u022,15000
D02489,2025-03-11,1872.21,u039,u015,15000
D02490,2025-02-08,5298.21,u066,x001,15000
D02491,2025-04-19,8479.01,x004,u077,15000
D02492,2025-12-18,12344.86,u060,u027,15000
D02493,2025-02-28,4845.92,u022,u074,15000
D02494,2025-04-06,4034.9,u002,u010,15000
D02495,2025-08-13,12009.88,u074,u058,15000
D02496,2025-07-18,21790.51,u046,u032,15000
D02497,2025-01-08,7288.06,u071,u004,15000
D02498,2025-05-15,2714.0,u002,u062,15000
D02499,2025-12-24,36886.6,u059,u001,15000
D02500,2025-11-18,4666.8,u029,u082,15000
D02501,2025-03-23,86731.8,u035,u084,15000
D02502,2025-10-03,1679.84,u008,u021,15000
D02503,2025-11-02,21110.77,u015,u034,15000
D02504,2025-02-15,6097.31,u064,u052,15000
D02505,2025-03-21,18372.28,u048,u054,15000
D02506,2025-01-25,8905.84,u039,u003,15000
D02507,2025-02-18,10707.63,u082,u015,15000
D02508,2025-04-14,9632.76,u084,u017,15000
D02509,2025-05-16,6622.2,u001,u065,15000
D02510,2025-10-15,7571.64,u014,u041,15000
D02511,2025-06-09,10253.98,u060,u079,15000
D02512,2025-10-11,7501.41,u077,u047,15000
D02513,2025-05-14,1636.63,u055,u086,15000
D02514,2025-05-27,10643.59,u025,u052,15000
D02515,2025-12-03,7959.76,u077,u070,15000
D02516,2025-11-06,3346.84,u057,u015,15000
D02517,2025-02-28,635.7,u058,u024,15000
D02518,2025-04-17,2593.94,u056,u044,15000
D02519,2025-08-14,8571.64,u035,u084,15000
D02520,2025-08-23,1492.23,u051,u040,15000
D02521,2025-12-12,20605.0,x006,u086,15000
D02522,2025-09-11,8011.45,u019,u037,15000
D02523,2025-11-12,5680.0,u006,u082,15000
D02524,2025-03-16,7279.26,u019,u009,15000
D02525,2025-07-18,5105.44,u023,u028,15000
D02526,2025-06-16,2733.95,u040,u012,15000
D02527,2025-05-17,6206.28,u088,u065,15000
D02528,2025-07-01,10897.61,u025,u033,15000
D02529,2025-07-04,2060.18,u048,u064,15000
D02530,2025-09-17,12793.56,u061,u073,15000
D02531,2025-03-26,720.29,u042,u059,15000
D02532,2025-12-27,20576.45,u021,u021,15000
D02533,2025-08-04,6181.09,x001,u084,15000
D02534,2025-05-27,1390.58,u054,u074,15000
D02535,2025-02-18,9849.08,u011,u060,15000
D02536,2025-08-19,780.31,u023,u060,15000
D02537,2025-07-05,50201.42,u088,u082,15000
D02538,2025-04-08,6513.06,u090,u014,15000
D02539,2025-01-04,30424.68,u045,u032,15000
D02540,2025-03-23,6326.17,x005,u039,15000
D02541,2025-02-26,1346.46,u019,u071,15000
D02542,2025-08-14,4416.47,u008,u015,15000
D02543,2025-03-13,5921.5,u025,u063,15000
D02544,2025-12-17,1315.95,u070,u004,15000
D02545,2025-02-12,11430.67,u083,x005,15000
D02546,2025-09-19,28612.45,u032,u086,15000
D02547,2025-06-11,2333.96,u068,u039,15000
D02548,2025-03-16,8935.13,u054,u068,15000
D02549,2025-09-20,2910.85,u012,u043,15000
D02550,2025-11-14,2814.7,u065,u043,15000
D02551,2025-11-24,11669.09,u017,u064,15000
D02552,2025-06-12,3453.23,u081,u008,15000
D02553,2025-11-15,2549.19,u054,u068,15000
D02554,2025-10-07,2307.26,u010,u058,15000
D02555,2025-12-15,3340.44,u070,x003,15000
D02556,2025-11-01,909.1,u026,u062,15000
D02557,2025-04-13,3732.63,u027,u078,15000
D02558,2025-03-08,28811.49,u029,u067,15000
D02559,2025-11-26,7915.18,u036,u070,15000
D02560,2025-07-03,12048.15,u028,u001,15000
D02561,2025-09-24,5299.99,u058,x006,15000
D02562,2025-12-05,856.0,u017,u065,15000
D02563,2025-04-17,8054.28,u023,u077,15000
D02564,2025-09-23,2944.01,u045,u034,15000
D02565,2025-02-03,2822.05,u021,x004,15000
D02566,2025-02-21,7752.03,u002,u090,15000
D02567,2025-07-06,3546.14,u007,u074,15000
D02568,2025-08-08,20456.08,u071,u048,15000
D02569,2025-06-19,12767.62,u029,u080,15000
D02570,2025-12-14,28783.56,u033,u056,15000
D02571,2025-10-14,14349.02,u059,u016,15000
D02572,2025-01-02,6213.51,u076,u089,15000
D02573,2025-12-27,9839.4,u061,u067,15000
D02574,2025-11-06,8350.93,u070,u010,15000
D02575,2025-05-21,3650.65,u046,x005,15000
D02576,2025-12-12,59649.53,u079,u053,15000
D02577,2025-08-23,16084.3,u017,u047,15000
D02578,2025-09-02,230.84,x003,u083,15000
D02579,2025-01-05,5754.88,u088,u041,15000
D02580,2025-12-21,8100.83,u074,u043,15000
D02581,2025-01-25,2885.55,u058,u065,15000
D02582,2025-03-03,70920.4,u046,u066,15000
D02583,2025-08-21,523.49,u016,u029,15000
D02584,2025-03-19,3384.38,u054,u084,15000
D02585,2025-03-12,23292.18,u028,u028,15000
D02586,2025-10-13,6977.76,u008,u054,15000
D02587,2025-02-19,3201.56,u011,u048,15000
D02588,2025-07-26,11020.39,x004,u008,15000
D02589,2025-01-28,3840.57,x001,u077,15000
D02590,2025-04-28,3714.69,u045,u023,15000
D02591,2025-08-05,3220.99,u071,u005,15000
D02592,2025-04-04,4667.36,u043,u069,15000
D02593,2025-09-22,18023.29,u065,u025,15000
D02594,2025-04-07,9015.99,u075,u030,15000
D02595,2025-11-01,3818.54,u084,u032,15000
D02596,2025-10-26,5913.86,u021,u023,15000
D02597,2025-03-01,2907.91,u067,u011,15000
D02598,2025-09-09,11827.83,u008,u046,15000
D02599,2025-07-20,2422.99,u017,u084,15000
D02600,2025-06-10,1599.91,u068,u011,15000
D02601,2025-07-11,1344.08,u037,u059,15000
D02602,2025-11-19,34646.38,u067,u074,15000
D02603,2025-12-13,37564.6,x004,u013,15000
D02604,2025-12-21,2952.48,u054,x002,15000
D02605,2025-11-21,979.05,u010,u031,15000
D02606,2025-08-14,11150.55,u049,u082,15000
D02607,2025-09-07,310.21,u089,u067,15000
D02608,2025-05-02,1189.2,u073,u067,15000
D02609,2025-08-06,20253.42,u063,u014,15000
D02610,2025-11-15,18695.7,u050,u014,15000
D02611,2025-11-12,2465.52,u077,u038,15000
D02612,2025-01-13,1095.97,u080,u064,15000
D02613,2025-09-07,7737.94,u081,u036,15000
D02614,2025-02-02,3628.47,u089,u053,15000
D02615,2025-06-06,4056.68,u039,u055,15000
D02616,2025-02-08,3538.49,u071,u081,15000
D02617,2025-09-23,14817.44,u076,u023,15000
D02618,2025-12-03,3456.49,u026,u080,15000
D02619,2025-02-03,3775.7,u028,u063,15000
D02620,2025-01-19,5444.41,u048,u035,15000
D02621,2025-05-21,3053.25,u047,u089,15000
D02622,2025-01-21,3878.37,u031,u022,15000
D02623,2025-06-12,3178.19,u075,u080,15000
D02624,2025-11-24,3822.4,u058,u035,15000
D02625,2025-05-23,3656.85,u040,u085,15000
D02626,2025-10-17,1213.93,u041,u079,15000
D02627,2025-10-12,1831.43,u001,x003,15000
D02628,2025-09-28,2351.39,u085,u034,15000
D02629,2025-10-17,9593.47,u064,u015,15000
D02630,2025-08-07,3747.96,u033,x002,15000
D02631,2025-02-28,9752.31,u063,u036,15000
D02632,2025-09-11,5184.26,u090,u048,15000
D02633,2025-12-27,6719.31,u012,u001,15000
D02634,2025-01-15,12386.62,u074,u051,15000
D02635,2025-11-23,5333.65,u068,u019,15000
D02636,2025-03-08,12458.58,u055,x006,15000
D02637,2025-06-14,1183.61,u070,u074,15000
D02638,2025-02-06,8150.44,u060,u087,15000
D02639,2025-06-02,783.76,u075,u038,15000
D02640,2025-06-13,6675.87,u050,u065,15000
D02641,2025-12-13,3142.33,u036,u019,15000
D02642,2025-08-03,6469.63,u029,u061,15000
D02643,2025-06-27,5981.87,u073,u058,15000
D02644,2025-12-11,214.65,u079,u035,15000
D02645,2025-03-09,13722.6,u075,u076,15000
D02646,2025-02-26,13599.32,u023,u087,15000
D02647,2025-11-06,16246.93,u057,u015,15000
D02648,2025-05-13,25648.83,u049,u012,15000
D02649,2025-01-01,2222.35,u065,u073,15000
D02650,2025-01-01,23546.03,u072,u020,15000
D02651,2025-06-22,7331.59,u042,u021,15000
D02652,2025-09-05,4278.65,u068,u017,15000
D02653,2025-08-15,17351.61,u080,u001,15000
D02654,2025-12-20,8907.01,u080,u003,15000
D02655,2025-04-19,6805.15,u011,u035,15000
D02656,2025-11-25,4915.78,u007,u079,15000
D02657,2025-03-08,3430.28,u079,u030,15000
D02658,2025-06-26,11298.88,x004,u062,15000
D02659,2025-12-04,2075.03,u069,u073,15000
D02660,2025-09-05,602.07,u076,u044,15000
D02661,2025-05-08,7484.79,u015,u012,15000
D02662,2025-08-19,9589.11,u056,u019,15000
D02663,2025-09-04,17470.43,u042,u072,15000
D02664,2025-12-28,5271.83,u034,u057,15000
D02665,2025-12-05,2993.57,u041,u021,15000
D02666,2025-03-06,2890.9,u018,u081,15000
D02667,2025-07-28,4661.13,u001,u045,15000
D02668,2025-06-12,7899.85,u021,u023,15000
D02669,2025-07-05,2165.97,x001,u058,15000
D02670,2025-04-09,19764.31,u017,u003,15000
D02671,2025-11-11,2268.19,u031,u047,15000
D02672,2025-03-08,6883.1,u017,u042,15000
D02673,2025-03-19,1015.27,u086,x006,15000
D02674,2025-08-02,4280.49,u007,u055,15000
D02675,2025-03-23,5827.46,u070,u018,15000
D02676,2025-06-19,4987.13,u047,u084,15000
D02677,2025-02-17,56795.29,u062,u062,15000
D02678,2025-07-28,10212.23,u001,u048,15000
D02679,2025-03-18,9555.94,u030,u062,15000
D02680,2025-03-20,35127.4,u013,u060,15000
D02681,2025-10-17,8555.12,u002,u019,15000
D02682,2025-08-05,21595.66,u072,u025,15000
D02683,2025-09-20,5545.88,u007,u048,15000
D02684,2025-11-06,3384.6,u062,u043,15000
D02685,2025-07-28,4650.71,u067,u064,15000
D02686,2025-12-17,17523.55,u035,u029,15000
D02687,2025-10-01,3304.11,u074,u059,15000
D02688,2025-05-06,20760.66,u016,u008,15000
D02689,2025-12-01,7871.12,u049,u029,15000
D02690,2025-04-07,2045.04,u026,x003,15000
D02691,2025-07-07,9846.96,u080,u086,15000
D02692,2025-01-16,17715.56,u003,u064,15000
D02693,2025-07-17,14268.62,u033,u023,15000
D02694,2025-04-04,1669.46,u026,u024,15000
D02695,2025-02-10,5011.35,u072,u011,15000
D02696,2025-12-15,505.14,u059,u017,15000
D02697,2025-01-12,12548.63,u019,u039,15000
D02698,2025-11-12,4037.82,u018,u063,15000
D02699,2025-02-25,1332.1,u072,u054,15000
D02700,2025-05-05,3620.47,u020,u051,15000
D02701,2025-04-24,10129.21,x002,u028,15000
D02702,2025-09-23,11297.38,u014,u056,15000
D02703,2025-02-16,12450.7,u023,x005,15000
D02704,2025-10-21,5911.05,u035,u022,15000
D02705,2025-06-25,92400.2,u059,u080,15000
D02706,2025-10-11,947.66,u006,x005,15000
D02707,2025-12-26,8468.17,u050,u020,15000
D02708,2025-09-16,1279.46,u048,u082,15000
D02709,2025-05-19,3978.56,u032,u077,15000
D02710,2025-05-10,6437.0,u061,u039,15000
D02711,2025-01-18,10747.78,u009,u064,15000
D02712,2025-02-26,5684.88,x003,u025,15000
D02713,2025-05-11,3312.75,u011,u041,15000
D02714,2025-07-28,73611.21,x002,u035,15000
D02715,2025-03-24,1440.06,u085,u018,15000
D02716,2025-06-09,4374.3,u004,u037,15000
D02717,2025-10-20,8337.09,u080,u019,15000
D02718,2025-09-20,1722.96,u076,u090,15000
D02719,2025-06-15,31826.4,u086,u012,15000
D02720,2025-05-14,7187.96,u035,u064,15000
D02721,2025-04-20,648.37,u054,u071,15000
D02722,2025-04-22,2123.92,u038,u090,15000
D02723,2025-12-11,10163.2,u028,u038,15000
D02724,2025-07-01,3463.99,u021,u088,15000
D02725,2025-04-15,514.78,u050,u022,15000
D02726,2025-10-18,2435.11,u011,u024,15000
D02727,2025-08-12,2943.79,u021,u081,15000
D02728,2025-11-08,1894.24,x002,u080,15000
D02729,2025-04-28,3708.38,u064,u039,15000
D02730,2025-04-13,2926.42,u009,u006,15000
D02731,2025-10-19,3133.19,u031,u039,15000
D02732,2025-10-03,2215.46,u009,u076,15000
D02733,2025-02-14,9677.74,x005,u036,15000
D02734,2025-05-15,18152.51,u076,u018,15000
D02735,2025-07-09,8816.27,u033,u069,15000
D02736,2025-03-14,11392.69,u001,u006,15000
D02737,2025-07-19,13161.17,u048,u060,15000
D02738,2025-04-09,41269.47,u064,u034,15000
D02739,2025-08-20,2175.14,u053,u009,15000
D02740,2025-02-23,46787.87,u090,u010,15000
D02741,2025-04-14,36159.52,u059,u037,15000
D02742,2025-02-09,9919.68,u062,u041,15000
D02743,2025-01-14,11753.14,u077,u046,15000
D02744,2025-11-17,18270.86,u067,u067,15000
D02745,2025-11-10,1834.23,u042,u026,15000
D02746,2025-12-26,4738.27,u061,u051,15000
D02747,2025-08-09,2194.24,u024,u082,15000
D02748,2025-11-06,4039.64,u032,u021,15000
D02749,2025-01-11,12065.63,u030,x003,15000
D02750,2025-02-14,11028.57,u029,u050,15000
D02751,2025-01-21,5340.89,x001,u074,15000
D02752,2025-05-04,2780.76,u028,u046,15000
D02753,2025-06-05,6458.24,u027,u052,15000
D02754,2025-04-09,1497.96,u019,u074,15000
D02755,2025-08-24,12930.15,u083,u061,15000
D02756,2025-03-10,3587.24,u036,u045,15000
D02757,2025-09-05,9641.9,u058,u066,15000
D02758,2025-08-28,8202.64,u083,u088,15000
D02759,2025-05-03,42572.05,u054,u039,15000
D02760,2025-01-24,18926.07,u089,u049,15000
D02761,2025-05-02,9796.99,u017,u072,15000
D02762,2025-08-13,3438.1,u036,u079,15000
D02763,2025-07-05,9885.04,u059,u045,15000
D02764,2025-09-20,4425.87,u077,u067,15000
D02765,2025-01-19,2272.69,u059,u041,15000
D02766,2025-10-15,14179.38,u085,u034,15000
D02767,2025-05-01,1854.43,u024,u031,15000
D02768,2025-09-07,876.17,u054,x001,15000
D02769,2025-07-03,29867.65,u047,u089,15000
D02770,2025-03-28,3837.91,u059,u086,15000
D02771,2025-03-21,5266.14,u070,u071,15000
D02772,2025-11-20,7761.17,u070,u032,15000
D02773,2025-06-17,16848.99,u079,u016,15000
D02774,2025-01-27,4937.06,u040,u068,15000
D02775,2025-09-01,3356.29,u041,u083,15000
D02776,2025-07-28,4152.49,u029,u018,15000
D02777,2025-07-21,958.07,u089,u090,15000
D02778,2025-03-08,6540.68,u089,u052,15000
D02779,2025-07-19,7955.74,u026,u030,15000
D02780,2025-10-20,4420.88,u061,u005,15000
D02781,2025-01-20,1029.25,x006,u071,15000
D02782,2025-12-04,6624.82,u088,u073,15000
D02783,2025-05-08,13575.07,u068,u022,15000
D02784,2025-11-20,3264.18,u056,u021,15000
D02785,2025-12-13,4861.2,u044,u040,15000
D02786,2025-05-08,1368.49,u031,u042,15000
D02787,2025-05-19,10294.29,u027,u015,15000
D02788,2025-01-18,63300.65,u090,u038,15000
D02789,2025-11-11,4477.69,x004,u003,15000
D02790,2025-03-02,61226.05,u085,u068,15000
D02791,2025-02-16,5345.13,u080,u032,15000
D02792,2025-04-11,63751.31,u042,x001,15000
D02793,2025-05-09,5930.6,u001,u067,15000
D02794,2025-05-24,47608.65,u058,u027,15000
D02795,2025-03-13,4380.24,u064,u007,15000
D02796,2025-07-20,1568.46,u032,u014,15000
D02797,2025-10-02,1106.46,u041,u037,15000
D02798,2025-01-26,1443.22,u059,u002,15000
D02799,2025-10-27,2920.74,u079,u011,15000
D02800,2025-08-28,4826.31,x003,u075,15000
D02801,2025-05-19,8510.76,u027,u064,15000
D02802,2025-03-18,2247.32,u088,u081,15000
D02803,2025-09-18,6342.86,u041,u052,15000
D02804,2025-04-05,5955.81,u044,u067,15000
D02805,2025-01-01,15326.9,u042,u051,15000
D02806,2025-04-14,696.69,u015,u004,15000
D02807,2025-09-07,38889.65,u004,u086,15000
D02808,2025-07-25,559.31,u017,u076,15000
D02809,2025-04-19,5654.46,u020,u014,15000
D02810,2025-01-10,6103.86,u002,u041,15000
D02811,2025-01-12,6957.81,u087,u070,15000
D02812,2025-10-26,15367.45,u058,u023,15000
D02813,2025-09-12,35802.98,u008,x001,15000
D02814,2025-03-19,4031.71,u066,u052,15000
D02815,2025-07-17,2444.65,u047,u050,15000
D02816,2025-11-17,6914.22,u029,u090,15000
D02817,2025-01-19,7358.09,u049,u083,15000
D02818,2025-01-18,2306.47,u065,u004,15000
D02819,2025-07-18,13126.54,u012,u080,15000
D02820,2025-08-27,4413.7,u079,u033,15000
D02821,2025-01-06,19043.26,u059,u089,15000
D02822,2025-01-16,284.82,u064,x005,15000
D02823,2025-10-06,17162.26,u053,u073,15000
D02824,2025-12-27,5584.18,u077,u061,15000
D02825,2025-01-13,7136.45,u079,u031,15000
D02826,2025-01-07,15006.79,u016,u003,15000
D02827,2025-07-27,8089.82,u030,u063,15000
D02828,2025-06-26,617.52,u074,u073,15000
D02829,2025-08-06,8724.53,u053,u062,15000
D02830,2025-01-17,3404.17,u059,x004,15000
D02831,2025-06-15,5682.33,u073,u050,15000
D02832,2025-01-24,1616.34,u070,u030,15000
D02833,2025-09-20,1921.95,u028,u068,15000
D02834,2025-06-04,9673.93,u046,u037,15000
D02835,2025-01-17,1875.26,u067,u073,15000
D02836,2025-07-11,820.54,u040,u030,15000
D02837,2025-06-15,4285.06,u007,u067,15000
D02838,2025-03-05,7924.98,u079,u005,15000
D02839,2025-02-17,7158.94,u049,u063,15000
D02840,2025-08-12,14213.57,u082,u018,15000
D02841,2025-08-18,5972.57,u089,u021,15000
D02842,2025-02-17,7444.94,u072,u061,15000
D02843,2025-07-25,6581.72,u001,u035,15000
D02844,2025-11-15,12285.24,u064,u005,15000
D02845,2025-01-04,17102.89,u086,u027,15000
D02846,2025-03-12,3904.39,u042,u034,15000
D02847,2025-06-01,15394.48,u084,u086,15000
D02848,2025-08-07,23978.78,u075,u060,15000
D02849,2025-10-10,18531.9,u034,u088,15000
D02850,2025-10-19,4922.71,u046,u078,15000
D02851,2025-10-14,2754.92,u031,u068,15000
D02852,2025-03-05,5685.26,u007,u038,15000
D02853,2025-07-12,2487.12,u006,u041,15000
D02854,2025-01-05,3768.78,u025,u064,15000
D02855,2025-10-16,15120.78,u031,u017,15000
D02856,2025-08-05,2514.23,u038,u090,15000
D02857,2025-08-17,1585.4,u023,u068,15000
D02858,2025-09-19,15528.06,u034,u037,15000
D02859,2025-05-21,7674.91,u083,u068,15000
D02860,2025-05-28,3473.3,x003,u074,15000
D02861,2025-04-07,5715.53,x001,u060,15000
D02862,2025-06-28,8235.69,u044,u083,15000
D02863,2025-09-09,25653.76,u012,u076,15000
D02864,2025-08-20,19305.34,u021,u070,15000
D02865,2025-03-07,4244.03,u038,u016,15000
D02866,2025-03-20,1137.22,u073,u086,15000
D02867,2025-07-20,8569.99,u014,u016,15000
D02868,2025-08-18,6303.57,u066,u012,15000
D02869,2025-01-12,5652.34,x006,u004,15000
D02870,2025-09-16,726.94,u076,u006,15000
D02871,2025-09-10,10555.89,u056,u021,15000
D02872,2025-08-01,4881.1,u090,u056,15000
D02873,2025-06-27,12782.56,x004,u054,15000
D02874,2025-02-19,8183.74,u074,u009,15000
D02875,2025-01-20,693.65,x005,u026,15000
D02876,2025-03-26,11288.52,u063,u009,15000
D02877,2025-06-04,5547.34,u019,u040,15000
D02878,2025-09-04,7406.8,u076,u029,15000
D02879,2025-04-17,8570.2,u027,u033,15000
D02880,2025-11-25,8464.8,u003,u063,15000
D02881,2025-07-11,1579.18,u087,u023,15000
D02882,2025-05-21,5081.27,u070,u016,15000
D02883,2025-02-17,14431.99,u013,u023,15000
D02884,2025-07-17,20390.4,u070,u054,15000
D02885,2025-05-24,8022.5,x006,u056,15000
D02886,2025-02-14,2153.68,u020,u068,15000
D02887,2025-03-27,2867.44,u070,u012,15000
D02888,2025-02-16,848.42,u065,u045,15000
D02889,2025-02-16,9561.29,u087,u017,15000
D02890,2025-10-18,16791.54,x001,u083,15000
D02891,2025-10-10,3345.46,u020,u038,15000
D02892,2025-10-21,2632.73,u049,u021,15000
D02893,2025-04-23,2074.34,u058,u012,15000
D02894,2025-09-19,11815.3,u040,u013,15000
D02895,2025-02-19,1083.9,u008,u020,15000
D02896,2025-09-27,2506.38,u084,u018,15000
D02897,2025-10-26,24946.81,u056,u047,15000
D02898,2025-09-11,2461.6,u015,u011,15000
D02899,2025-06-14,4084.95,u087,u054,15000
D02900,2025-04-05,10983.74,u028,u079,15000
D02901,2025-04-01,569.51,u054,u061,15000
D02902,2025-07-23,3394.68,u072,u061,15000
D02903,2025-03-06,3905.85,u037,u005,15000
D02904,2025-03-08,2135.99,u066,u088,15000
D02905,2025-11-13,4102.9,u074,u006,15000
D02906,2025-04-07,17995.34,u072,u010,15000
D02907,2025-08-25,5596.99,x006,u002,15000
D02908,2025-12-10,5107.2,u037,u010,15000
D02909,2025-11-02,1787.02,u002,u069,15000
D02910,2025-04-25,12826.89,u086,u027,15000
D02911,2025-04-02,2491.85,u043,u030,15000
D02912,2025-03-14,5568.35,u045,u029,15000
D02913,2025-12-21,806.33,u050,u064,15000
D02914,2025-06-28,7214.35,u043,u052,15000
D02915,2025-11-19,4211.79,u062,u019,15000
D02916,2025-03-11,14878.84,u053,u003,15000
D02917,2025-11-05,1455.2,u063,u076,15000
D02918,2025-03-01,12633.81,u020,x005,15000
D02919,2025-10-09,5331.36,u077,u086,15000
D02920,2025-06-12,2000.22,u059,u034,15000
D02921,2025-10-02,5374.98,u075,u038,15000
D02922,2025-11-06,3370.62,u066,u009,15000
D02923,2025-04-16,8517.86,u076,u003,15000
D02924,2025-03-22,4497.63,u027,u080,15000
D02925,2025-04-13,33943.73,u023,u026,15000
D02926,2025-06-02,7272.34,u001,u003,15000
D02927,2025-09-01,1042.17,u078,u081,15000
D02928,2025-05-27,3070.76,u089,u015,15000
D02929,2025-02-13,6644.95,x004,u014,15000
D02930,2025-01-02,30166.15,u043,u071,15000
D02931,2025-06-10,3894.33,u080,u012,15000
D02932,2025-01-04,3854.61,u087,u006,15000
D02933,2025-12-06,3602.85,u019,x001,15000
D02934,2025-07-16,5628.02,u075,u062,15000
D02935,2025-12-27,31763.35,u003,u001,15000
D02936,2025-10-08,3085.72,u013,u086,15000
D02937,2025-05-11,2516.63,u056,u018,15000
D02938,2025-08-02,5755.66,u028,u027,15000
D02939,2025-04-18,3634.14,u021,u031,15000
D02940,2025-11-17,6066.52,u017,x001,15000
D02941,2025-04-21,1146.19,u020,u071,15000
D02942,2025-11-24,5123.41,u034,u041,15000
D02943,2025-10-20,15792.5,u006,u052,15000
D02944,2025-02-03,3016.07,u037,u040,15000
D02945,2025-04-13,426.34,u052,u049,15000
D02946,2025-10-12,4052.08,u037,u059,15000
D02947,2025-01-15,18822.48,u042,x003,15000
D02948,2025-11-14,4939.34,u037,u076,15000
D02949,2025-07-19,3847.05,u075,u035,15000
D02950,2025-08-03,2117.22,u039,u090,15000
D02951,2025-07-15,1207.89,u076,u038,15000
D02952,2025-08-01,1318.92,x003,u011,15000
D02953,2025-08-17,3927.33,u012,u051,15000
D02954,2025-05-14,5816.26,u002,u013,15000
D02955,2025-03-10,11547.99,u068,u011,15000
D02956,2025-06-04,802.38,x001,u044,15000
D02957,2025-09-01,25048.31,u026,u025,15000
D02958,2025-08-27,5324.98,u020,u058,15000
D02959,2025-06-12,2353.41,u055,u014,15000
D02960,2025-04-05,9132.13,u004,u084,15000
D02961,2025-12-25,4707.15,u053,u052,15000
D02962,2025-08-06,12423.61,u019,x001,15000
D02963,2025-10-26,3737.04,u063,u048,15000
D02964,2025-05-26,4220.74,u068,u020,15000
D02965,2025-03-07,3021.19,u067,x006,15000
D02966,2025-11-18,729.98,x003,u051,15000
D02967,2025-06-05,12565.33,u003,u007,15000
D02968,2025-10-27,12879.0,u047,u057,15000
D02969,2025-12-27,4773.0,u019,u084,15000
D02970,2025-12-08,10584.44,u025,u084,15000
D02971,2025-01-25,1505.97,u041,u015,15000
D02972,2025-10-23,4562.55,u055,u028,15000
D02973,2025-05-18,5669.41,u071,u029,15000
D02974,2025-11-06,1364.97,u033,u019,15000
D02975,2025-01-20,2577.31,u065,u013,15000
D02976,2025-11-17,10535.4,u077,u013,15000
D02977,2025-11-25,9020.26,u062,u001,15000
D02978,2025-02-08,10594.69,u017,u038,15000
D02979,2025-05-18,11351.85,u072,u077,15000
D02980,2025-12-16,9158.5,u026,u041,15000
D02981,2025-12-08,3039.81,u034,u033,15000
D02982,2025-07-19,2642.7,x006,u063,15000
D02983,2025-05-13,13547.82,u087,u065,15000
D02984,2025-10-25,971.54,u075,x003,15000
D02985,2025-01-01,7414.91,u069,u023,15000
D02986,2025-06-11,48915.27,u026,u046,15000
D02987,2025-05-28,18988.8,u081,u032,15000
D02988,2025-01-05,19896.74,u083,u015,15000
D02989,2025-09-12,15916.46,x003,u073,15000
D02990,2025-12-05,1119.35,u087,u019,15000
D02991,2025-07-24,2383.94,u057,u026,15000
D02992,2025-05-19,4449.92,u013,u054,15000
D02993,2025-07-18,8988.53,u087,u050,15000
D02994,2025-12-02,1742.66,u069,u086,15000
D02995,2025-12-28,7250.41,u050,u090,15000
D02996,2025-02-04,3635.76,u043,u086,15000
D02997,2025-10-23,3204.39,x003,u084,15000
D02998,2025-06-21,2618.96,u089,u076,15000
D02999,2025-07-24,6965.05,u058,u061,15000
D03000,2025-09-15,17305.62,u004,u028,15000
D03001,2025-02-23,1834.42,u080,u043,15000
D03002,2025-09-04,2679.84,u046,u081,15000
D03003,2025-10-24,7676.34,u081,u058,15000
D03004,2025-12-10,30248.56,u052,u047,15000
D03005,2025-04-08,1691.21,u021,u005,15000
D03006,2025-04-14,4131.91,u022,u041,15000
D03007,2025-09-14,2489.35,u035,u058,15000
D03008,2025-10-08,100031.01,u071,u080,15000
D03009,2025-12-19,6314.73,u042,u026,15000
D03010,2025-11-27,4723.3,u079,u060,15000
D03011,2025-04-23,5892.35,u054,u035,15000
D03012,2025-12-14,9701.6,u036,u024,15000
D03013,2025-02-20,3560.22,x004,u035,15000
D03014,2025-04-10,5415.23,u076,u034,15000
D03015,2025-08-15,9814.06,u068,x005,15000
D03016,2025-12-10,38815.69,u054,u012,15000
D03017,2025-06-20,14648.77,u081,u051,15000
D03018,2025-02-05,8726.15,u053,u031,15000
D03019,2025-06-11,43589.55,u083,u080,15000
D03020,2025-10-22,64040.99,u043,u012,15000
D03021,2025-10-13,3980.5,u070,u015,15000
D03022,2025-04-15,2180.78,u089,u079,15000
D03023,2025-04-19,5727.08,u087,x001,15000
D03024,2025-11-06,12577.17,u053,u055,15000
D03025,2025-01-13,22045.41,u037,u059,15000
D03026,2025-03-22,3349.09,u061,u063,15000
D03027,2025-06-16,24400.42,u010,u038,15000
D03028,2025-11-20,6562.23,u056,u046,15000
D03029,2025-01-08,4996.72,u074,u041,15000
D03030,2025-06-18,2715.25,u013,u060,15000
D03031,2025-01-04,22116.59,u020,u075,15000
D03032,2025-04-18,2315.27,u035,u008,15000
D03033,2025-05-03,2674.62,x001,u057,15000
D03034,2025-04-22,3401.72,u051,u003,15000
D03035,2025-07-21,4449.43,u002,u082,15000
D03036,2025-04-17,3266.27,u018,u008,15000
D03037,2025-06-24,7468.7,u004,u014,15000
D03038,2025-07-25,25395.11,u076,u025,15000
D03039,2025-08-20,22340.26,u056,u002,15000
D03040,2025-01-11,9057.65,u062,u026,15000
D03041,2025-08-09,869.06,u043,u024,15000
D03042,2025-08-28,10382.47,u017,x006,15000
D03043,2025-10-03,4791.48,u001,u033,15000
D03044,2025-08-07,392.33,u021,u074,15000
D03045,2025-05-08,2644.83,u083,x004,15000
D03046,2025-05-09,9126.06,u038,u039,15000
D03047,2025-09-10,3909.87,x005,u030,15000
D03048,2025-10-06,1010.88,u069,u073,15000
D03049,2025-10-25,3208.46,u018,u037,15000
D03050,2025-08-24,19689.59,u069,x003,15000
D03051,2025-02-15,3850.08,u008,u046,15000
D03052,2025-05-27,15485.45,u079,u025,15000
D03053,2025-09-21,2189.46,u006,u040,15000
D03054,2025-03-16,5780.07,u002,u046,15000
D03055,2025-04-27,21358.79,u010,u087,15000
D03056,2025-03-11,5636.2,x001,u050,15000
D03057,2025-12-25,5245.73,u021,u035,15000
D03058,2025-02-20,4555.82,u001,u013,15000
D03059,2025-07-26,6686.63,u028,u063,15000
D03060,2025-09-01,1564.82,u035,u090,15000
D03061,2025-10-04,18464.41,x002,u065,15000
D03062,2025-01-28,1330.37,u047,u030,15000
D03063,2025-08-13,8964.25,u022,u001,15000
D03064,2025-01-06,2519.95,u058,u037,15000
D03065,2025-05-18,5163.51,x005,u089,15000
D03066,2025-09-23,80466.93,u029,u022,15000
D03067,2025-11-04,38358.91,u060,u035,15000
D03068,2025-08-21,4210.39,u053,u021,15000
D03069,2025-12-16,11929.53,u072,u007,15000
D03070,2025-04-15,14933.54,x001,u024,15000
D03071,2025-08-11,3385.23,u078,u007,15000
D03072,2025-05-10,2658.66,x004,u003,15000
D03073,2025-05-27,3548.29,u081,u033,15000
D03074,2025-08-16,8443.68,u079,u026,15000
D03075,2025-04-17,69650.12,u071,x005,15000
D03076,2025-01-15,7116.8,u048,u034,15000
D03077,2025-10-09,9940.24,u085,u021,15000
D03078,2025-03-07,9966.7,u065,u048,15000
D03079,2025-03-25,2942.67,u027,u080,15000
D03080,2025-07-08,8200.48,u006,x006,15000
D03081,2025-09-26,2168.88,u050,u020,15000
D03082,2025-02-05,11398.22,u060,u075,15000
D03083,2025-10-13,2009.21,u015,u053,15000
D03084,2025-09-23,3242.51,u027,u044,15000
D03085,2025-09-27,667.84,u024,u087,15000
D03086,2025-10-28,1774.01,u048,u005,15000
D03087,2025-08-16,2491.8,u083,u026,15000
D03088,2025-05-28,55502.8,u045,u059,15000
D03089,2025-04-08,2041.65,u071,u028,15000
D03090,2025-05-24,1489.78,u075,u007,15000
D03091,2025-10-22,7808.37,u036,u068,15000
D03092,2025-09-04,18520.43,u019,u004,15000
D03093,2025-10-18,9154.15,u020,u012,15000
D03094,2025-02-10,2696.19,u058,x003,15000
D03095,2025-03-12,15323.58,u022,u056,15000
D03096,2025-12-08,883.46,u054,u079,15000
D03097,2025-05-10,5679.99,u089,u053,15000
D03098,2025-10-06,32105.91,u007,u018,15000
D03099,2025-01-21,11159.73,u042,u019,15000
D03100,2025-08-09,6348.39,u003,u086,15000
D03101,2025-03-15,15193.34,x005,u039,15000
D03102,2025-03-02,960.05,u010,u090,15000
D03103,2025-08-09,5908.76,u083,u002,15000
D03104,2025-11-02,5900.15,u007,u021,15000
D03105,2025-08-09,3443.51,u007,u062,15000
D03106,2025-01-10,2887.87,u030,u019,15000
D03107,2025-03-11,2714.24,u059,u009,15000
D03108,2025-10-26,30962.34,u060,u001,15000
D03109,2025-12-04,26254.6,x001,u090,15000
D03110,2025-05-06,5163.71,u081,u044,15000
D03111,2025-05-28,4587.69,u078,u081,15000
D03112,2025-10-13,2238.23,u076,u034,15000
D03113,2025-04-24,3677.13,u025,u039,15000
D03114,2025-03-04,6393.6,u074,u016,15000
D03115,2025-04-05,3753.02,u071,u031,15000
D03116,2025-04-03,18728.77,u051,u066,15000
D03117,2025-12-04,18454.07,u005,u042,15000
D03118,2025-05-17,39178.96,x002,u087,15000
D03119,2025-06-19,633.08,u015,u041,15000
D03120,2025-02-03,2149.33,u029,u069,15000
D03121,2025-02-17,1329.78,u074,u059,15000
D03122,2025-06-02,7086.38,u008,u001,15000
D03123,2025-05-19,2455.39,u080,u004,15000
D03124,2025-05-11,2991.42,u028,u084,15000
D03125,2025-05-05,642.59,u057,x005,15000
D03126,2025-07-20,7656.38,u066,u035,15000
D03127,2025-06-18,2883.63,u051,u076,15000
D03128,2025-10-10,3615.61,x002,u080,15000
D03129,2025-05-04,8051.37,u015,u004,15000
D03130,2025-09-14,2834.48,u081,u067,15000
D03131,2025-02-24,3515.89,u038,u067,15000
D03132,2025-08-07,588.59,x005,u068,15000
D03133,2025-05-16,9110.86,u036,u054,15000
D03134,2025-07-27,2946.24,u040,u088,15000
D03135,2025-10-03,10520.32,u050,u009,15000
D03136,2025-07-14,45176.38,u009,u043,15000
D03137,2025-08-02,10288.85,u037,u006,15000
D03138,2025-03-03,4419.22,u078,u072,15000
D03139,2025-02-21,2763.0,u062,u024,15000
D03140,2025-01-17,3336.57,u079,u076,15000
D03141,2025-10-12,12754.93,u002,u048,15000
D03142,2025-01-09,9924.78,u008,x006,15000
D03143,2025-09-15,5792.6,u067,u006,15000
D03144,2025-10-05,4989.64,u080,u021,15000
D03145,2025-06-26,9068.71,u027,u067,15000
D03146,2025-05-14,18758.62,u031,u021,15000
D03147,2025-10-28,1313.59,u042,u027,15000
D03148,2025-09-18,12377.54,u059,u074,15000
D03149,2025-11-05,5702.98,u019,u076,15000
D03150,2025-03-06,2741.21,u055,u081,15000
D03151,2025-07-20,2504.99,u059,u079,15000
D03152,2025-12-06,38782.1,u012,u069,15000
D03153,2025-06-01,4708.11,u043,u019,15000
D03154,2025-05-06,22796.45,u057,u026,15000
D03155,2025-10-14,3650.15,u037,x002,15000
D03156,2025-10-25,10751.81,u004,u058,15000
D03157,2025-06-23,1292.69,u018,u048,15000
D03158,2025-05-28,5833.75,u040,x005,15000
D03159,2025-09-28,2961.73,u061,u040,15000
D03160,2025-03-24,7291.6,u075,u039,15000
D03161,2025-07-20,3849.75,u001,u065,15000
D03162,2025-01-10,4881.11,u039,u034,15000
D03163,2025-06-13,21884.97,u062,u038,15000
D03164,2025-10-22,11431.03,u080,u059,15000
D03165,2025-08-27,1045.81,u023,u015,15000
D03166,2025-10-28,4146.76,u054,u003,15000
D03167,2025-01-10,5378.2,u033,u040,15000
D03168,2025-09-24,25745.91,u061,u072,15000
D03169,2025-10-01,5741.48,u009,u021,15000
D03170,2025-10-13,1816.62,u015,u069,15000
D03171,2025-06-06,2041.97,u005,u085,15000
D03172,2025-03-14,444.35,u053,u048,15000
D03173,2025-01-02,4955.44,u048,u001,15000
D03174,2025-05-14,2738.32,u040,u010,15000
D03175,2025-06-24,47931.28,u075,u027,15000
D03176,2025-09-18,5852.08,u043,u054,15000
D03177,2025-06-22,11595.42,x004,u029,15000
D03178,2025-04-01,13335.58,u080,x002,15000
D03179,2025-10-25,1249.82,u076,u013,15000
D03180,2025-05-24,4229.31,u027,u065,15000
D03181,2025-09-14,7737.6,u065,u048,15000
D03182,2025-09-25,3550.53,u084,u028,15000
D03183,2025-02-16,1635.83,x005,u032,15000
D03184,2025-09-20,13753.6,u010,u057,15000
D03185,2025-12-06,10335.5,u071,u042,15000
D03186,2025-05-25,3596.54,u085,u081,15000
D03187,2025-02-02,3252.88,u053,u077,15000
D03188,2025-11-18,4449.37,u039,u010,15000
D03189,2025-09-18,5432.42,u044,u021,15000
D03190,2025-04-08,2357.61,u081,u082,15000
D03191,2025-06-04,7013.11,u061,u082,15000
D03192,2025-06-04,1261.07,u051,u056,15000
D03193,2025-10-23,3326.44,u088,u062,15000
D03194,2025-08-24,18451.22,u034,u045,15000
D03195,2025-12-05,16796.17,u056,u004,15000
D03196,2025-07-09,11163.46,x006,u068,15000
D03197,2025-02-01,11378.61,u047,u037,15000
D03198,2025-06-03,2609.99,u036,u069,15000
D03199,2025-05-23,4231.77,u011,u029,15000
D03200,2025-05-14,16355.13,u083,u063,15000
D03201,2025-06-05,18724.13,u025,u079,15000
D03202,2025-04-23,10751.93,u028,u042,15000
D03203,2025-07-04,13107.45,u089,u062,15000
D03204,2025-11-22,22289.16,u073,u019,15000
D03205,2025-01-03,1862.32,u003,u080,15000
D03206,2025-04-01,3751.31,u054,u010,15000
D03207,2025-01-28,5789.95,x006,u077,15000
D03208,2025-03-07,1579.01,u029,u060,15000
D03209,2025-05-15,4408.12,u085,u012,15000
D03210,2025-09-05,1370.12,u084,u028,15000
D03211,2025-02-22,17968.9,u046,u022,15000
D03212,2025-09-01,4829.25,u065,u072,15000
D03213,2025-11-20,12902.85,u038,u077,15000
D03214,2025-08-04,3837.23,u001,u085,15000
D03215,2025-10-24,10149.89,u025,u078,15000
D03216,2025-05-19,16769.75,u029,u015,15000
D03217,2025-04-21,2906.98,u021,u034,15000
D03218,2025-03-18,4815.03,u088,u040,15000
D03219,2025-07-18,2236.75,u012,u036,15000
D03220,2025-08-05,1048.52,u032,u042,15000
D03221,2025-12-22,5757.09,u037,u075,15000
D03222,2025-08-22,698.56,u059,u032,15000
D03223,2025-05-16,11061.84,u070,u022,15000
D03224,2025-01-06,677.06,u031,u028,15000
D03225,2025-11-26,2229.95,u071,u053,15000
D03226,2025-05-17,4150.47,u067,u058,15000
D03227,2025-05-03,7339.8,u064,u066,15000
D03228,2025-10-04,4459.66,u002,u079,15000
D03229,2025-09-22,6244.94,u034,u071,15000
D03230,2025-08-23,3985.95,u090,u041,15000
D03231,2025-07-12,3710.46,u044,u090,15000
D03232,2025-02-19,4281.18,u012,u071,15000
D03233,2025-04-24,927.5,u011,u005,15000
D03234,2025-10-21,9083.68,u088,u003,15000
D03235,2025-08-09,1066.07,u048,u050,15000
D03236,2025-09-06,3133.82,u060,u021,15000
D03237,2025-07-10,3445.85,u036,x006,15000
D03238,2025-11-02,1389.23,u069,u029,15000
D03239,2025-09-02,2311.41,u021,u017,15000
D03240,2025-06-10,787.32,u018,u038,15000
D03241,2025-10-16,3867.74,u003,u053,15000
D03242,2025-06-03,3425.24,x002,u013,15000
D03243,2025-03-27,4095.62,u086,u082,15000
D03244,2025-11-28,1061.23,u086,u037,15000
D03245,2025-04-26,1700.14,u013,u081,15000
D03246,2025-07-18,4743.65,u073,u016,15000
D03247,2025-02-27,18480.38,u071,u001,15000
D03248,2025-08-10,6185.86,u025,u045,15000
D03249,2025-11-23,6110.58,u035,u011,15000
D03250,2025-07-02,6802.66,u002,u019,15000
D03251,2025-08-26,15232.34,u039,u060,15000
D03252,2025-09-03,4033.72,u021,x006,15000
D03253,2025-10-02,17328.33,u042,u086,15000
D03254,2025-09-27,4985.44,u043,u032,15000
D03255,2025-06-01,3103.62,u037,u036,15000
D03256,2025-09-13,26295.72,u057,u055,15000
D03257,2025-06-10,13161.43,u030,u034,15000
D03258,2025-08-24,974.49,u012,u049,15000
D03259,2025-08-15,10218.51,u082,u046,15000
D03260,2025-09-23,12303.46,u061,u071,15000
D03261,2025-04-01,4341.04,u021,u062,15000
D03262,2025-06-23,6975.31,x003,u083,15000
D03263,2025-09-28,1923.79,u010,u039,15000
D03264,2025-10-21,13846.77,u034,u010,15000
D03265,2025-07-25,3610.66,x003,u040,15000
D03266,2025-08-13,1452.16,u047,u005,15000
D03267,2025-12-07,28503.89,u002,u006,15000
D03268,2025-06-26,31655.85,u080,u055,15000
D03269,2025-02-26,15989.0,u039,u089,15000
D03270,2025-10-24,2991.19,u087,u012,15000
D03271,2025-07-01,4730.51,u085,u033,15000
D03272,2025-08-25,8969.02,u072,u074,15000
D03273,2025-01-20,58941.27,u086,u077,15000
D03274,2025-01-03,22797.19,u022,u085,15000
D03275,2025-07-21,12700.65,x004,u048,15000
D03276,2025-07-11,3487.05,u050,u060,15000
D03277,2025-08-27,6452.24,u090,u049,15000
D03278,2025-08-27,34001.83,u084,u016,15000
D03279,2025-07-08,1011.35,u002,u055,15000
D03280,2025-01-18,5112.87,u060,u071,15000
D03281,2025-03-20,1412.03,u024,u025,15000
D03282,2025-04-23,129208.85,u083,u041,15000
D03283,2025-02-27,3973.43,u087,u080,15000
D03284,2025-09-20,2670.75,u010,x003,15000
D03285,2025-09-21,12077.0,u036,u037,15000
D03286,2025-07-27,15600.91,u007,u008,15000
D03287,2025-07-07,7825.52,u071,u057,15000
D03288,2025-11-01,2503.94,u066,u038,15000
D03289,2025-05-17,6486.2,u024,u018,15000
D03290,2025-01-11,1988.33,u031,u018,15000
D03291,2025-08-03,8382.63,u037,u018,15000
D03292,2025-05-22,4737.29,u046,u016,15000
D03293,2025-01-22,1179.92,u068,x005,15000
D03294,2025-10-04,3526.24,u018,u020,15000
D03295,2025-09-14,4344.47,u042,u049,15000
D03296,2025-01-08,5744.42,u063,u041,15000
D03297,2025-03-26,6070.14,u030,u076,15000
D03298,2025-04-22,7028.03,u005,u022,15000
D03299,2025-01-01,2120.59,u084,u082,15000
D03300,2025-12-04,4838.87,u042,u035,15000
D03301,2025-01-06,2087.52,u027,u015,15000
D03302,2025-01-22,1669.52,u011,u040,15000
D03303,2025-01-12,21188.52,u074,u052,15000
D03304,2025-04-12,30423.52,u015,u087,15000
D03305,2025-11-12,15299.55,u042,u043,15000
D03306,2025-05-02,12427.41,u054,u050,15000
D03307,2025-11-10,4660.09,u051,u034,15000
D03308,2025-01-14,7972.26,u008,u028,15000
D03309,2025-04-18,10746.95,u070,u021,15000
D03310,2025-12-19,12193.1,u013,u060,15000
D03311,2025-12-10,3749.72,u083,u074,15000
D03312,2025-11-06,3968.05,u067,u001,15000
D03313,2025-02-07,4338.49,u008,u001,15000
D03314,2025-06-26,842.67,u041,u049,15000
D03315,2025-01-16,2107.09,x001,u001,15000
D03316,2025-12-04,3126.21,u052,u042,15000
D03317,2025-02-05,5758.47,u016,u062,15000
D03318,2025-06-15,3597.73,u006,u045,15000
D03319,2025-03-18,17633.8,x002,u009,15000
D03320,2025-01-25,10680.78,u018,u022,15000
D03321,2025-05-22,12024.71,u015,u089,15000
D03322,2025-12-15,10383.56,u077,u056,15000
D03323,2025-05-19,4907.33,u030,u036,15000
D03324,2025-12-06,10223.6,x006,u058,15000
D03325,2025-09-05,4250.11,u068,u078,15000
D03326,2025-03-12,2182.76,u011,u067,15000
D03327,2025-07-09,536.88,u086,u065,15000
D03328,2025-08-22,4428.03,u071,u051,15000
D03329,2025-03-02,2370.48,u066,u054,15000
D03330,2025-08-11,5702.5,u049,u027,15000
D03331,2025-09-18,3399.73,u022,u028,15000
D03332,2025-01-13,5390.3,u058,u019,15000
D03333,2025-08-20,12665.67,u060,u048,15000
D03334,2025-11-05,10724.38,u043,u037,15000
D03335,2025-09-27,9989.63,u085,u074,15000
D03336,2025-11-14,25746.14,u074,u010,15000
D03337,2025-05-25,28001.09,u033,u054,15000
D03338,2025-04-26,9362.66,u010,u003,15000
D03339,2025-07-11,1802.2,u057,u005,15000
D03340,2025-04-13,15475.84,u085,u037,15000
D03341,2025-12-11,19834.45,u021,x006,15000
D03342,2025-08-04,3007.31,u037,u089,15000
D03343,2025-03-15,1914.39,u052,u050,15000
D03344,2025-03-22,2588.16,u071,u034,15000
D03345,2025-12-17,33721.6,u003,u074,15000
D03346,2025-11-03,9750.81,x002,u056,15000
D03347,2025-01-10,8914.82,u046,u031,15000
D03348,2025-05-10,1039.64,u052,u085,15000
D03349,2025-05-20,14347.51,u015,u001,15000
D03350,2025-10-07,38700.59,u066,u067,15000
D03351,2025-07-01,31596.59,u006,u008,15000
D03352,2025-03-19,2083.08,u025,x006,15000
D03353,2025-12-15,8716.27,u065,u001,15000
D03354,2025-02-28,89770.09,u050,u026,15000
D03355,2025-02-07,16110.49,u026,u079,15000
D03356,2025-08-13,3332.29,u048,x004,15000
D03357,2025-04-11,19316.96,u079,u083,15000
D03358,2025-03-12,6352.91,u015,u012,15000
D03359,2025-11-28,2164.47,u031,u030,15000
D03360,2025-05-28,10705.81,u057,u080,15000
D03361,2025-02-10,10733.86,u084,u048,15000
D03362,2025-11-20,8248.54,u059,u051,15000
D03363,2025-02-20,24371.97,u040,u049,15000
D03364,2025-01-01,47124.83,u054,u036,15000
D03365,2025-02-07,3144.88,u003,x006,15000
D03366,2025-08-19,31332.36,u089,x004,15000
D03367,2025-09-01,52775.1,u083,u054,15000
D03368,2025-10-28,703.08,u022,u008,15000
D03369,2025-05-02,904.64,u012,u084,15000
D03370,2025-09-07,7655.1,u059,u021,15000
D03371,2025-03-07,4242.98,u010,u089,15000
D03372,2025-06-16,10838.86,u059,u069,15000
D03373,2025-05-19,5679.91,u015,u039,15000
D03374,2025-05-06,2215.69,u040,u065,15000
D03375,2025-07-11,32302.83,u031,u041,15000
D03376,2025-12-04,824.92,u003,u024,15000
D03377,2025-04-05,10692.27,u047,u074,15000
D03378,2025-09-27,15623.72,u012,u043,15000
D03379,2025-05-17,979.55,u050,u036,15000
D03380,2025-02-02,2335.1,u024,u089,15000
D03381,2025-01-18,2670.11,u004,u002,15000
D03382,2025-02-14,831.26,u014,u008,15000
D03383,2025-05-28,569.9,u022,u013,15000
D03384,2025-12-08,3217.67,u036,u007,15000
D03385,2025-08-20,10944.81,u086,u028,15000
D03386,2025-09-04,2924.55,u074,u035,15000
D03387,2025-12-15,6633.6,u073,u039,15000
D03388,2025-11-03,7388.18,u074,u016,15000
D03389,2025-08-18,7996.69,u008,u018,15000
D03390,2025-02-22,6751.57,u031,u036,15000
D03391,2025-02-24,929.75,u061,u077,15000
D03392,2025-08-27,5482.18,u077,u003,15000
D03393,2025-08-16,2430.86,u084,u022,15000
D03394,2025-06-22,16264.11,u001,u085,15000
D03395,2025-12-05,7164.54,u042,u036,15000
D03396,2025-01-12,6845.46,u035,u017,15000
D03397,2025-09-19,25045.91,u077,u032,15000
D03398,2025-11-08,7455.81,x004,u027,15000
D03399,2025-08-23,14437.65,u086,u062,15000
D03400,2025-07-13,30553.24,u085,u047,15000
D03401,2025-05-21,2448.85,u052,u048,15000
D03402,2025-05-06,3413.43,u018,u014,15000
D03403,2025-06-17,1788.62,u028,u089,15000
D03404,2025-12-20,9191.01,u002,x001,15000
D03405,2025-11-10,1167.92,u026,u038,15000
D03406,2025-04-23,122218.31,u062,u086,15000
D03407,2025-06-12,860.6,u009,u038,15000
D03408,2025-03-12,4052.13,u088,u044,15000
D03409,2025-06-28,10343.81,u090,u048,15000
D03410,2025-12-27,17172.16,u077,u045,15000
D03411,2025-03-14,1264.68,u023,u082,15000
D03412,2025-11-26,2479.1,u002,u024,15000
D03413,2025-08-25,2944.43,u023,u049,15000
D03414,2025-03-02,12840.87,u079,u007,15000
D03415,2025-06-21,1978.39,u088,u027,15000
D03416,2025-01-16,16430.76,u034,u084,15000
D03417,2025-06-16,9710.99,u054,u021,15000
D03418,2025-11-04,4174.0,u071,u043,15000
D03419,2025-02-13,7733.91,u068,u003,15000
D03420,2025-01-12,15057.43,u029,u069,15000
D03421,2025-03-05,5582.47,u022,u063,15000
D03422,2025-02-09,26896.67,u037,u042,15000
D03423,2025-07-20,33769.63,u007,u066,15000
D03424,2025-02-11,2355.33,u062,u061,15000
D03425,2025-02-22,4446.15,u038,u048,15000
D03426,2025-08-24,11097.0,u033,u045,15000
D03427,2025-06-28,7843.56,u060,u090,15000
D03428,2025-04-12,581.93,u012,u064,15000
D03429,2025-09-05,36845.05,u089,u037,15000
D03430,2025-04-24,859.32,u012,u042,15000
D03431,2025-04-14,9432.87,u026,u022,15000
D03432,2025-03-20,365.33,u015,u086,15000
D03433,2025-02-09,8701.16,u054,u073,15000
D03434,2025-05-02,4765.8,u090,u036,15000
D03435,2025-08-12,3880.11,u018,u079,15000
D03436,2025-07-16,12209.1,u022,u026,15000
D03437,2025-10-06,3080.84,u071,x003,15000
D03438,2025-01-17,10621.72,u055,u031,15000
D03439,2025-03-20,7854.65,u071,u068,15000
D03440,2025-03-19,1172.52,u044,u001,15000
D03441,2025-10-12,2145.25,u017,u019,15000
D03442,2025-08-01,4317.56,u007,u055,15000
D03443,2025-11-17,4281.23,u058,u045,15000
D03444,2025-05-10,1754.29,u045,u081,15000
D03445,2025-05-19,9202.3,u071,u030,15000
D03446,2025-07-14,4133.13,u087,u050,15000
D03447,2025-10-18,2096.13,u058,u020,15000
D03448,2025-09-20,15867.2,u080,u075,15000
D03449,2025-03-07,2355.11,u052,x004,15000
D03450,2025-10-01,42531.18,u012,u023,15000
D03451,2025-02-16,1600.07,u039,u043,15000
D03452,2025-12-17,8536.54,u083,u024,15000
D03453,2025-10-04,12592.02,u082,u054,15000
D03454,2025-02-03,1429.84,u007,u053,15000
D03455,2025-03-04,10426.16,u025,u007,15000
D03456,2025-04-19,6883.07,u020,u071,15000
D03457,2025-11-20,1781.72,u031,u040,15000
D03458,2025-11-23,2501.05,u076,x002,15000
D03459,2025-03-18,8068.06,u075,u012,15000
D03460,2025-03-28,4651.91,u023,u021,15000
D03461,2025-08-11,13162.7,u002,u076,15000
D03462,2025-10-08,3359.61,u078,x005,15000
D03463,2025-09-09,10383.57,u074,u023,15000
D03464,2025-03-04,27253.99,u068,u054,15000
D03465,2025-05-09,8006.16,u090,u032,15000
D03466,2025-03-22,2042.18,u044,u024,15000
D03467,2025-05-14,6581.83,u017,u074,15000
D03468,2025-06-19,1895.15,u024,u019,15000
D03469,2025-08-22,2759.02,u022,u016,15000
D03470,2025-03-20,2202.81,u060,u039,15000
D03471,2025-08-22,25127.35,u026,u083,15000
D03472,2025-07-09,1295.04,u075,u049,15000
D03473,2025-04-20,14410.08,u013,u084,15000
D03474,2025-03-17,1375.08,u032,u045,15000
D03475,2025-01-19,2665.1,u062,u006,15000
D03476,2025-03-20,9048.55,u087,u029,15000
D03477,2025-04-28,9296.55,u039,u083,15000
D03478,2025-10-22,13382.41,u031,x002,15000
D03479,2025-01-25,2054.68,u001,u039,15000
D03480,2025-05-17,6388.39,u051,u029,15000
D03481,2025-09-16,5473.35,u030,u060,15000
D03482,2025-03-14,10726.44,u007,u043,15000
D03483,2025-11-19,692.85,u084,u038,15000
D03484,2025-08-09,6930.0,x006,x002,15000
D03485,2025-02-02,1223.27,u023,u001,15000
D03486,2025-03-20,441.54,u026,u071,15000
D03487,2025-10-27,13664.03,u019,u042,15000
D03488,2025-02-16,28008.92,x004,u030,15000
D03489,2025-09-19,94551.69,u020,u028,15000
D03490,2025-07-10,784.25,u029,u005,15000
D03491,2025-08-12,2851.36,u080,u077,15000
D03492,2025-09-12,1659.42,u036,u013,15000
D03493,2025-09-01,122446.93,u030,u037,15000
D03494,2025-12-17,1552.52,u028,u040,15000
D03495,2025-08-25,3430.26,u032,u064,15000
D03496,2025-07-20,8209.29,u064,u010,15000
D03497,2025-10-22,3367.86,u085,u073,15000
D03498,2025-06-23,13089.58,u076,u021,15000
D03499,2025-05-24,2683.19,u086,u003,15000
D03500,2025-08-16,6552.96,u083,u023,15000
D03501,2025-01-06,28453.15,u044,x005,15000
D03502,2025-04-24,938.1,u059,u020,15000
D03503,2025-10-23,6380.54,u043,u069,15000
D03504,2025-11-23,37562.07,u037,u078,15000
D03505,2025-08-03,1119.91,u087,u066,15000
D03506,2025-03-26,2335.17,u053,x003,15000
D03507,2025-12-10,6837.1,u037,u009,15000
D03508,2025-01-19,17325.73,u058,x002,15000
D03509,2025-02-28,11632.46,u075,u055,15000
D03510,2025-05-16,1893.72,u004,u060,15000
D03511,2025-07-04,8863.59,u058,u081,15000
D03512,2025-11-14,25734.13,u019,u016,15000
D03513,2025-03-14,2672.35,u043,x002,15000
D03514,2025-09-15,6274.85,u038,u042,15000
D03515,2025-09-04,3289.56,u088,u039,15000
D03516,2025-11-07,8774.46,u015,u029,15000
D03517,2025-05-02,2238.81,u026,u089,15000
D03518,2025-08-26,6136.72,u049,u029,15000
D03519,2025-10-05,9276.44,u060,u048,15000
D03520,2025-07-23,959.28,u049,x004,15000
D03521,2025-04-22,625.74,u052,u003,15000
D03522,2025-01-19,764.5,u079,u025,15000
D03523,2025-01-14,12588.81,u085,u086,15000
D03524,2025-12-09,3478.36,u019,u087,15000
D03525,2025-11-02,8494.1,u009,u089,15000
D03526,2025-09-11,55470.71,u049,u070,15000
D03527,2025-08-03,7030.74,u029,u047,15000
D03528,2025-03-21,10107.0,u033,u035,15000
D03529,2025-10-08,3019.94,u067,u029,15000
D03530,2025-04-27,25026.49,u005,u053,15000
D03531,2025-05-21,2457.64,u084,u020,15000
D03532,2025-11-01,18437.81,x001,u090,15000
D03533,2025-11-08,11806.22,u079,u060,15000
D03534,2025-08-24,6932.53,x004,u063,15000
D03535,2025-02-18,21532.6,u024,u087,15000
D03536,2025-12-06,3073.71,u017,u086,15000
D03537,2025-12-27,2953.4,u032,u044,15000
D03538,2025-10-16,6514.15,u043,u038,15000
D03539,2025-07-07,10552.8,u076,u062,15000
D03540,2025-12-17,1503.39,u022,x004,15000
D03541,2025-07-10,21430.29,u062,u025,15000
D03542,2025-11-10,3595.87,u029,u038,15000
D03543,2025-03-11,4740.92,u036,u058,15000
D03544,2025-03-24,5358.0,u031,u003,15000
D03545,2025-08-17,1810.3,u054,u064,15000
D03546,2025-04-16,4078.93,u087,u090,15000
D03547,2025-10-13,29430.59,u018,u078,15000
D03548,2025-12-09,10841.47,u024,u034,15000
D03549,2025-07-03,20193.86,u037,u088,15000
D03550,2025-08-02,1205.89,u010,u088,15000
D03551,2025-04-12,2458.54,u025,u042,15000
D03552,2025-05-02,1410.65,u040,x005,15000
D03553,2025-08-22,2103.15,u037,u034,15000
D03554,2025-03-06,2444.27,u049,u008,15000
D03555,2025-02-17,2280.51,u005,u063,15000
D03556,2025-11-02,4864.97,u006,u037,15000
D03557,2025-06-10,2728.19,u046,u041,15000
D03558,2025-08-04,1069.48,u038,u074,15000
D03559,2025-10-16,7161.77,u087,u047,15000
D03560,2025-01-22,10269.11,u055,u011,15000
D03561,2025-02-16,4100.99,u012,u077,15000
D03562,2025-04-22,17084.87,u004,u068,15000
D03563,2025-04-01,1313.97,u031,u076,15000
D03564,2025-03-24,589.72,u083,u055,15000
D03565,2025-08-23,1142.64,u045,u027,15000
D03566,2025-01-19,13608.62,x003,u057,15000
D03567,2025-06-23,3758.17,x005,u055,15000
D03568,2025-02-26,4807.36,u087,u007,15000
D03569,2025-02-06,2640.87,u076,u059,15000
D03570,2025-12-14,3494.1,u002,u044,15000
D03571,2025-12-17,19700.1,u077,u047,15000
D03572,2025-12-13,1013.08,u089,u073,15000
D03573,2025-12-04,1782.05,u013,u052,15000
D03574,2025-09-20,36635.92,u072,x005,15000
D03575,2025-08-18,3211.53,u088,u007,15000
D03576,2025-07-22,1968.67,u008,x005,15000
D03577,2025-08-22,5587.25,u020,u081,15000
D03578,2025-08-01,9648.07,u033,u059,15000
D03579,2025-11-14,11326.48,u078,u009,15000
D03580,2025-04-23,6508.81,u066,u044,15000
D03581,2025-05-14,1886.44,u010,u058,15000
D03582,2025-04-17,9448.17,u079,u012,15000
D03583,2025-12-15,6036.04,u023,x001,15000
D03584,2025-01-20,3612.66,u058,u038,15000
D03585,2025-03-07,2378.43,u002,u064,15000
D03586,2025-10-25,18995.36,u047,u007,15000
D03587,2025-03-07,2327.77,x003,u021,15000
D03588,2025-10-25,2096.7,u075,u013,15000
D03589,2025-11-09,1718.77,u076,u062,15000
D03590,2025-09-13,2493.56,u053,u030,15000
D03591,2025-08-10,11703.46,u075,u023,15000
D03592,2025-04-02,1211.72,u040,u023,15000
D03593,2025-10-17,5818.97,u023,u046,15000
D03594,2025-12-09,10725.16,u070,x001,15000
D03595,2025-09-14,25517.92,u009,u087,15000
D03596,2025-08-05,10489.04,u023,u056,15000
D03597,2025-05-13,3966.72,u049,x004,15000
D03598,2025-08-08,2053.76,u039,u034,15000
D03599,2025-02-22,3545.47,x004,u011,15000
D03600,2025-01-05,30347.2,u016,u038,15000
D03601,2025-08-12,34447.38,u009,u043,15000
D03602,2025-09-24,9680.06,x001,u042,15000
D03603,2025-06-01,4282.92,u021,u051,15000
D03604,2025-12-04,1563.14,u044,u009,15000
D03605,2025-01-05,18328.16,x005,u010,15000
D03606,2025-06-16,4819.31,u070,u045,15000
D03607,2025-11-01,11990.57,u031,u084,15000
D03608,2025-11-08,18232.9,u009,u042,15000
D03609,2025-04-02,8496.96,u084,u024,15000
D03610,2025-11-24,4360.37,u058,u034,15000
D03611,2025-08-25,7929.14,u019,u007,15000
D03612,2025-03-17,18692.13,u035,u081,15000
D03613,2025-05-13,5138.97,x003,u014,15000
D03614,2025-06-04,6787.76,u016,u038,15000
D03615,2025-05-16,2911.41,u082,u008,15000
D03616,2025-05-18,4380.19,u042,u078,15000
D03617,2025-04-03,3467.21,u037,u080,15000
D03618,2025-08-05,3808.2,u008,u025,15000
D03619,2025-05-17,15533.63,u036,u008,15000
D03620,2025-12-17,16372.15,u078,u016,15000
D03621,2025-08-14,365.42,u009,u081,15000
D03622,2025-12-05,10573.85,u026,u013,15000
D03623,2025-08-01,4054.57,u024,u029,15000
D03624,2025-11-19,2590.3,u039,u031,15000
D03625,2025-04-11,1867.83,u030,u017,15000
D03626,2025-12-02,8755.57,x003,u008,15000
D03627,2025-02-23,6769.0,u090,x005,15000
D03628,2025-12-25,837.87,u061,u060,15000
D03629,2025-01-21,136047.34,u025,u043,15000
D03630,2025-10-19,1744.51,u077,u073,15000
D03631,2025-10-13,4478.3,u045,x003,15000
D03632,2025-12-14,16792.32,u072,u064,15000
D03633,2025-05-27,4750.19,u015,u047,15000
D03634,2025-07-01,5758.42,u002,u064,15000
D03635,2025-01-02,3149.42,u008,u016,15000
D03636,2025-04-02,9297.58,x006,u033,15000
D03637,2025-08-17,10032.04,u015,u023,15000
D03638,2025-08-12,19225.5,u054,u081,15000
D03639,2025-12-11,3716.53,u016,x002,15000
D03640,2025-08-16,51743.85,u034,u036,15000
D03641,2025-10-06,6361.85,u080,u055,15000
D03642,2025-06-19,36364.16,u010,u077,15000
D03643,2025-11-22,13256.03,u035,u077,15000
D03644,2025-09-21,7208.11,u081,u040,15000
D03645,2025-05-25,21717.35,u014,x002,15000
D03646,2025-02-05,20231.71,u061,u029,15000
D03647,2025-05-25,17163.71,u076,u032,15000
D03648,2025-04-01,11162.74,u071,x002,15000
D03649,2025-11-23,4887.44,u023,u020,15000
D03650,2025-09-07,4997.13,u017,u050,15000
D03651,2025-07-12,1421.96,u026,u001,15000
D03652,2025-03-02,8601.59,x004,u081,15000
D03653,2025-08-24,2309.26,u063,u035,15000
D03654,2025-05-07,9300.25,u057,u079,15000
D03655,2025-12-25,3732.33,u063,u012,15000
D03656,2025-12-21,3240.36,u004,u014,15000
D03657,2025-10-11,3608.1,x005,u053,15000
D03658,2025-09-03,6537.54,u054,u032,15000
D03659,2025-06-26,8278.7,u030,u006,15000
D03660,2025-02-12,2564.28,u083,u053,15000
D03661,2025-11-12,3826.39,u060,u008,15000
D03662,2025-01-27,17387.49,u014,u071,15000
D03663,2025-01-07,3096.57,u053,u084,15000
D03664,2025-02-17,5941.54,u083,u045,15000
D03665,2025-11-09,2461.27,u034,u023,15000
D03666,2025-02-02,2073.48,u048,u010,15000
D03667,2025-06-16,21267.93,u009,u067,15000
D03668,2025-05-26,5066.95,u023,u052,15000
D03669,2025-01-11,8760.46,u016,x002,15000
D03670,2025-11-05,6304.1,u088,u002,15000
D03671,2025-02-01,4608.88,u038,u043,15000
D03672,2025-03-07,774.49,u084,u069,15000
D03673,2025-02-13,857.99,u007,u051,15000
D03674,2025-04-07,17162.85,u053,u073,15000
D03675,2025-03-03,24696.98,u041,u021,15000
D03676,2025-07-19,4415.73,u003,x002,15000
D03677,2025-03-27,4649.71,u050,u024,15000
D03678,2025-11-27,1868.56,u023,u077,15000
D03679,2025-04-16,106734.72,u082,u018,15000
D03680,2025-10-24,409.22,u045,u049,15000
D03681,2025-05-13,2271.26,u070,u066,15000
D03682,2025-03-12,1644.07,u058,u069,15000
D03683,2025-02-03,37055.02,x005,u087,15000
D03684,2025-03-18,11401.82,u047,u008,15000
D03685,2025-01-20,3503.3,u044,u082,15000
D03686,2025-08-27,30790.97,u060,u036,15000
D03687,2025-06-06,12435.6,u003,u084,15000
D03688,2025-07-22,5072.48,u041,x002,15000
D03689,2025-03-24,2555.67,u081,u053,15000
D03690,2025-06-10,5171.71,u050,u085,15000
D03691,2025-10-12,2966.5,u049,u066,15000
D03692,2025-04-25,2071.85,u060,u068,15000
D03693,2025-10-11,4407.37,u003,u068,15000
D03694,2025-04-06,18749.43,u060,u065,15000
D03695,2025-11-12,6078.19,u059,u034,15000
D03696,2025-03-05,8225.9,u044,u019,15000
D03697,2025-02-13,2651.84,u082,u046,15000
D03698,2025-03-09,5720.66,u059,u043,15000
D03699,2025-03-07,18295.3,u042,u004,15000
D03700,2025-03-23,5983.19,u040,u042,15000
D03701,2025-08-14,2925.5,u006,u087,15000
D03702,2025-02-14,6514.17,u070,u029,15000
D03703,2025-03-01,1371.15,u046,u038,15000
D03704,2025-11-28,9717.4,u085,x001,15000
D03705,2025-01-08,1923.14,x003,u061,15000
D03706,2025-12-12,15935.05,u038,u069,15000
D03707,2025-06-10,27442.3,u079,u029,15000
D03708,2025-01-21,55109.07,u054,x003,15000
D03709,2025-12-26,9118.21,u034,u028,15000
D03710,2025-03-14,3259.66,u058,u067,15000
D03711,2025-09-28,16456.75,x005,u066,15000
D03712,2025-01-04,10833.72,u073,u052,15000
D03713,2025-10-25,30760.4,u090,u025,15000
D03714,2025-08-19,90661.09,u040,u024,15000
D03715,2025-07-13,15154.61,u014,u073,15000
D03716,2025-06-23,4020.0,u065,u034,15000
D03717,2025-12-20,2142.26,u067,u059,15000
D03718,2025-01-18,11183.13,u041,u049,15000
D03719,2025-06-17,22407.37,u080,u029,15000
D03720,2025-11-19,5395.98,u073,u003,15000
D03721,2025-10-15,1729.51,u044,u083,15000
D03722,2025-12-26,635.26,u062,u038,15000
D03723,2025-08-05,209.9,u030,u046,15000
D03724,2025-10-10,2048.54,u024,u051,15000
D03725,2025-04-24,6414.55,x006,u050,15000
D03726,2025-08-09,11098.04,u077,u020,15000
D03727,2025-06-21,1011.03,u071,u089,15000
D03728,2025-12-27,23175.68,u080,u042,15000
D03729,2025-12-17,9070.04,u056,u029,15000
D03730,2025-10-02,12406.42,u007,u037,15000
D03731,2025-05-17,2932.25,u070,u066,15000
D03732,2025-12-03,6111.73,u066,u063,15000
D03733,2025-01-05,2733.55,u025,u003,15000
D03734,2025-06-22,4305.87,u071,u066,15000
D03735,2025-09-14,1802.67,x002,u056,15000
D03736,2025-07-25,18738.4,u056,u020,15000
D03737,2025-09-06,1160.49,u027,u090,15000
D03738,2025-07-21,404.36,u087,u051,15000
D03739,2025-02-24,3929.79,u068,u053,15000
D03740,2025-04-18,3159.89,u083,u035,15000
D03741,2025-05-05,3154.49,u063,u048,15000
D03742,2025-11-18,2464.36,u069,u031,15000
D03743,2025-05-08,2419.52,u064,u077,15000
D03744,2025-03-08,4009.64,u047,u031,15000
D03745,2025-11-12,18967.79,u055,u066,15000
D03746,2025-12-22,13099.83,u087,u050,15000
D03747,2025-08-19,1627.35,u039,x005,15000
D03748,2025-03-22,18460.18,u010,u038,15000
D03749,2025-09-20,3863.41,u009,u005,15000
D03750,2025-03-14,8620.23,u012,u026,15000
D03751,2025-09-16,11093.91,u087,u007,15000
D03752,2025-07-10,5034.58,u068,u071,15000
D03753,2025-09-12,9332.52,u004,u027,15000
D03754,2025-05-02,7735.58,u005,u078,15000
D03755,2025-06-24,10572.38,u020,u026,15000
D03756,2025-04-20,1333.41,u033,u073,15000
D03757,2025-11-04,8339.96,u072,u001,15000
D03758,2025-12-08,9626.88,u011,u067,15000
D03759,2025-12-16,10856.14,u034,x001,15000
D03760,2025-08-19,12923.38,u025,u062,15000
D03761,2025-07-11,15297.65,u062,u037,15000
D03762,2025-08-23,9459.24,u079,u053,15000
D03763,2025-02-26,5473.24,u035,u075,15000
D03764,2025-12-04,3906.77,u050,x001,15000
D03765,2025-02-02,49330.07,u025,u082,15000
D03766,2025-12-22,3652.48,u023,u001,15000
D03767,2025-05-10,30606.71,u023,x005,15000
D03768,2025-08-27,13676.17,u070,u050,15000
D03769,2025-04-03,2485.85,u063,u035,15000
D03770,2025-10-12,1173.73,u077,x003,15000
D03771,2025-06-10,5748.68,u055,x006,15000
D03772,2025-08-13,684.57,u070,u079,15000
D03773,2025-05-05,1846.47,u085,u012,15000
D03774,2025-04-25,8470.63,u034,u053,15000
D03775,2025-10-11,4324.54,u001,u028,15000
D03776,2025-09-21,6533.69,u044,u079,15000
D03777,2025-11-20,17391.98,u084,u079,15000
D03778,2025-02-19,44879.39,u024,u054,15000
D03779,2025-03-28,3874.74,u058,u022,15000
D03780,2025-04-14,2922.66,u071,u013,15000
D03781,2025-11-21,23737.52,u041,u036,15000
D03782,2025-11-18,17888.48,u021,u003,15000
D03783,2025-06-02,2325.08,u031,u036,15000
D03784,2025-07-26,1218.42,u082,u003,15000
D03785,2025-03-06,24495.5,u009,u075,15000
D03786,2025-12-17,2979.36,u073,u082,15000
D03787,2025-02-18,10565.81,u051,u043,15000
D03788,2025-06-27,12271.44,u005,u063,15000
D03789,2025-01-03,1594.23,u075,u025,15000
D03790,2025-12-13,6925.24,u073,u059,15000
D03791,2025-10-27,9322.42,u020,u060,15000
D03792,2025-02-10,31956.69,u058,u029,15000
D03793,2025-01-22,7658.48,u056,u018,15000
D03794,2025-09-08,4529.07,u090,u003,15000
D03795,2025-08-21,1772.16,u030,u074,15000
D03796,2025-01-08,5326.02,u056,u011,15000
D03797,2025-09-03,3977.27,u075,u060,15000
D03798,2025-08-26,32036.59,u056,u004,15000
D03799,2025-08-23,1044.05,u017,u028,15000
D03800,2025-11-01,2564.04,u055,u084,15000
D03801,2025-08-05,16950.19,u036,u089,15000
D03802,2025-05-19,4432.69,u082,u006,15000
D03803,2025-02-14,9221.38,u061,u080,15000
D03804,2025-07-17,4769.26,u058,u015,15000
D03805,2025-02-25,9842.82,u008,u023,15000
D03806,2025-11-13,3821.79,u076,u072,15000
D03807,2025-08-08,12619.89,u029,u067,15000
D03808,2025-11-04,4830.93,u045,u017,15000
D03809,2025-08-25,2547.7,u059,u080,15000
D03810,2025-07-20,17178.84,u062,u058,15000
D03811,2025-10-13,914.22,u037,u084,15000
D03812,2025-12-12,6341.44,u041,x006,15000
D03813,2025-07-24,3346.35,u031,u014,15000
D03814,2025-03-08,1933.18,u077,u006,15000
D03815,2025-10-26,20053.98,u058,u028,15000
D03816,2025-10-15,7031.03,u034,u080,15000
D03817,2025-08-04,4441.26,u033,u088,15000
D03818,2025-03-24,5791.02,u040,u012,15000
D03819,2025-03-08,4139.8,u087,u052,15000
D03820,2025-07-08,2825.5,u057,u041,15000
D03821,2025-03-26,1330.98,u042,u050,15000
D03822,2025-06-25,22435.23,u026,u084,15000
D03823,2025-05-01,1721.37,u063,u040,15000
D03824,2025-09-11,3563.18,u069,u076,15000
D03825,2025-03-01,12993.61,u014,u047,15000
D03826,2025-11-24,7497.83,u087,u032,15000
D03827,2025-04-11,30373.09,u020,u052,15000
D03828,2025-10-16,9237.24,u088,u051,15000
D03829,2025-10-16,949.89,u057,u038,15000
D03830,2025-03-07,3926.3,u065,u066,15000
D03831,2025-07-15,7660.7,u070,u038,15000
D03832,2025-04-25,6124.65,u077,u008,15000
D03833,2025-10-24,2875.33,u009,u070,15000
D03834,2025-03-19,18196.18,u009,u045,15000
D03835,2025-10-06,422.0,u082,u037,15000
D03836,2025-07-23,5251.74,u066,u075,15000
D03837,2025-06-17,27018.07,u020,x005,15000
D03838,2025-03-03,13107.93,u070,u020,15000
D03839,2025-12-11,5863.06,u083,u050,15000
D03840,2025-01-02,18765.88,u063,u061,15000
D03841,2025-04-03,11155.1,u008,u030,15000
D03842,2025-08-21,5086.39,u040,u047,15000
D03843,2025-02-27,8292.76,u081,u071,15000
D03844,2025-10-07,2565.81,u060,u023,15000
D03845,2025-03-07,36645.51,u086,u059,15000
D03846,2025-11-26,14738.38,u065,u066,15000
D03847,2025-07-20,30667.04,u019,u018,15000
D03848,2025-09-11,1286.31,u089,u033,15000
D03849,2025-06-28,1082.03,u039,u041,15000
D03850,2025-03-28,19206.36,u056,u025,15000
D03851,2025-01-01,700.87,u017,u049,15000
D03852,2025-02-11,10907.67,u077,u051,15000
D03853,2025-08-16,3020.36,u012,u020,15000
D03854,2025-12-22,6178.06,u005,u015,15000
D03855,2025-02-17,5622.9,u044,u024,15000
D03856,2025-12-07,67406.4,u044,u084,15000
D03857,2025-03-05,1060.68,u039,u042,15000
D03858,2025-11-14,2146.58,u031,u055,15000
D03859,2025-07-27,4035.22,u066,u003,15000
D03860,2025-03-22,3853.21,u074,u072,15000
D03861,2025-05-26,878.13,u079,u063,15000
D03862,2025-02-10,5631.03,u074,u041,15000
D03863,2025-04-05,1192.05,u069,u076,15000
D03864,2025-07-18,14921.19,u005,u015,15000
D03865,2025-04-04,18401.43,u012,u055,15000
D03866,2025-05-17,1327.12,u079,u023,15000
D03867,2025-10-17,7833.44,u050,u062,15000
D03868,2025-10-22,5998.08,u086,u078,15000
D03869,2025-06-01,2797.11,u066,u045,15000
D03870,2025-04-25,21070.74,u040,u055,15000
D03871,2025-09-04,1690.05,u051,u089,15000
D03872,2025-07-10,18648.94,u046,u018,15000
D03873,2025-02-15,10077.46,u088,u004,15000
D03874,2025-12-03,19428.65,u071,u021,15000
D03875,2025-12-25,7062.58,u007,u009,15000
D03876,2025-04-18,2558.32,u087,u059,15000
D03877,2025-02-19,14971.58,u006,u002,15000
D03878,2025-10-10,3746.9,u057,u039,15000
D03879,2025-07-25,6278.77,u038,u003,15000
D03880,2025-12-08,8908.98,u090,u083,15000
D03881,2025-10-05,7260.71,u048,u026,15000
D03882,2025-11-23,3149.53,u031,u056,15000
D03883,2025-11-24,3065.24,u077,u082,15000
D03884,2025-10-19,38815.68,u021,u037,15000
D03885,2025-09-24,18073.71,u024,u071,15000
D03886,2025-03-03,14230.41,u028,u038,15000
D03887,2025-05-02,3185.71,u081,u014,15000
D03888,2025-11-03,4771.17,u029,u041,15000
D03889,2025-09-26,8594.04,u047,u076,15000
D03890,2025-08-20,24525.76,u005,u031,15000
D03891,2025-06-16,6684.33,u050,u001,15000
D03892,2025-12-23,7783.6,u013,u048,15000
D03893,2025-10-05,63246.88,u069,u014,15000
D03894,2025-05-10,22084.97,u003,u022,15000
D03895,2025-05-17,5205.72,u034,u020,15000
D03896,2025-01-15,6699.13,u049,u005,15000
D03897,2025-09-24,2700.65,u061,u028,15000
D03898,2025-08-17,3174.38,u087,u038,15000
D03899,2025-10-10,11338.36,u010,u001,15000
D03900,2025-05-04,5749.58,u037,u029,15000
D03901,2025-05-12,15100.46,x002,u037,15000
D03902,2025-08-25,7062.63,u075,x001,15000
D03903,2025-04-17,6050.38,x003,u077,15000
D03904,2025-01-28,117172.26,u052,u077,15000
D03905,2025-01-20,37438.92,u014,u005,15000
D03906,2025-12-18,10340.75,x004,u073,15000
D03907,2025-03-27,7145.81,u034,u052,15000
D03908,2025-12-16,13309.2,u004,u071,15000
D03909,2025-05-14,4397.77,u010,u034,15000
D03910,2025-08-02,10267.52,u014,u032,15000
D03911,2025-01-23,5097.11,x002,u063,15000
D03912,2025-10-09,8252.76,u043,u019,15000
D03913,2025-08-01,15491.83,u045,u083,15000
D03914,2025-10-12,5070.02,u038,u074,15000
D03915,2025-04-19,12758.28,u022,u017,15000
D03916,2025-11-18,26080.3,u030,u008,15000
D03917,2025-03-13,18540.03,u003,u015,15000
D03918,2025-02-28,7334.02,u090,u046,15000
D03919,2025-01-17,2488.31,x005,u060,15000
D03920,2025-11-11,8976.13,u082,u067,15000
D03921,2025-06-14,8844.43,u012,u040,15000
D03922,2025-12-17,7522.67,u076,u075,15000
D03923,2025-10-25,10363.91,u017,u030,15000
D03924,2025-01-23,853.6,u024,x002,15000
D03925,2025-10-19,11535.14,u030,u028,15000
D03926,2025-05-02,34092.97,u057,u033,15000
D03927,2025-04-05,8376.25,u057,u040,15000
D03928,2025-04-21,20812.14,u018,u065,15000
D03929,2025-03-21,1539.08,u071,u019,15000
D03930,2025-03-20,6790.75,u008,x001,15000
D03931,2025-06-16,9373.46,u039,u040,15000
D03932,2025-06-25,3062.94,u059,u090,15000
D03933,2025-04-01,33493.53,u083,u019,15000
D03934,2025-08-04,7333.27,u065,x004,15000
D03935,2025-02-24,25743.29,u013,u009,15000
D03936,2025-11-14,2494.57,u075,x004,15000
D03937,2025-07-17,534.39,u036,u066,15000
D03938,2025-04-24,1701.73,x004,u058,15000
D03939,2025-12-21,15612.29,u054,u023,15000
D03940,2025-08-11,15199.61,u041,u032,15000
D03941,2025-03-07,5516.51,u059,u036,15000
D03942,2025-11-03,4570.91,u020,u067,15000
D03943,2025-08-23,3034.32,u033,u065,15000
D03944,2025-04-19,4923.42,u043,x003,15000
D03945,2025-07-25,6560.47,u061,u006,15000
D03946,2025-04-01,2098.99,u067,u078,15000
D03947,2025-07-04,3813.81,u009,u015,15000
D03948,2025-01-11,5815.16,u003,u022,15000
D03949,2025-04-11,7803.08,x003,u065,15000
D03950,2025-12-02,3651.37,u083,u038,15000
D03951,2025-08-04,9282.09,u017,u052,15000
D03952,2025-10-27,6211.94,u008,u011,15000
D03953,2025-08-18,2666.56,x005,u030,15000
D03954,2025-05-05,7149.11,u063,u082,15000
D03955,2025-05-21,5063.11,u001,u025,15000
D03956,2025-07-26,2413.2,u005,u048,15000
D03957,2025-09-16,537.51,u010,x002,15000
D03958,2025-07-16,3437.83,u046,u060,15000
D03959,2025-11-08,1316.95,u049,u026,15000
D03960,2025-01-14,13121.22,u048,u015,15000
D03961,2025-10-01,9175.06,u069,u090,15000
D03962,2025-08-10,1307.04,u020,u058,15000
D03963,2025-09-02,1601.1,u028,u034,15000
D03964,2025-04-16,15444.65,u082,u011,15000
D03965,2025-10-16,649.03,u021,u066,15000
D03966,2025-12-27,4619.33,u068,u077,15000
D03967,2025-12-10,2965.23,u070,u073,15000
D03968,2025-11-05,6817.03,u025,u032,15000
D03969,2025-10-14,9802.68,u039,u014,15000
D03970,2025-09-23,1197.83,u011,u033,15000
D03971,2025-01-16,19625.73,x006,u044,15000
D03972,2025-10-06,8991.45,u088,u073,15000
D03973,2025-04-07,31207.0,u072,u003,15000
D03974,2025-07-22,6325.42,u036,u038,15000
D03975,2025-06-18,17037.92,u007,u052,15000
D03976,2025-07-11,6166.72,u071,u079,15000
D03977,2025-08-26,2403.63,u086,u075,15000
D03978,2025-01-23,2268.47,u032,u083,15000
D03979,2025-07-20,8827.63,u022,u050,15000
D03980,2025-06-01,3414.75,u012,u007,15000
D03981,2025-12-17,8788.84,x006,u039,15000
D03982,2025-12-02,15725.42,u075,u015,15000
D03983,2025-01-18,31042.43,u036,u062,15000
D03984,2025-01-25,2337.65,u011,u028,15000
D03985,2025-02-04,7966.14,u074,u070,15000
D03986,2025-09-01,3157.52,u083,u064,15000
D03987,2025-05-06,692.05,u043,u034,15000
D03988,2025-08-27,1786.99,u067,u062,15000
D03989,2025-03-10,300.77,u074,u079,15000
D03990,2025-03-04,13253.52,u017,u085,15000
D03991,2025-09-08,16606.88,u003,u016,15000
D03992,2025-10-28,2541.91,u022,u062,15000
D03993,2025-03-11,9757.85,x006,u011,15000
D03994,2025-02-10,31439.89,u026,x002,15000
D03995,2025-08-25,20914.87,u004,u088,15000
D03996,2025-01-14,13979.58,u043,x003,15000
D03997,2025-01-09,1045.02,u050,u057,15000
D03998,2025-05-12,3055.06,u005,u020,15000
D03999,2025-02-17,1518.15,u065,u025,15000
D04000,2025-01-19,3691.37,u009,u043,15000
D04001,2025-03-09,15595.65,u063,u005,15000
D04002,2025-10-08,4926.73,u075,u071,15000
D04003,2025-10-02,1009.31,u001,u065,15000
D04004,2025-12-05,1269.99,u014,x006,15000
D04005,2025-06-21,3183.55,u017,u002,15000
D04006,2025-07-13,5783.88,u012,u076,15000
D04007,2025-05-17,3845.61,u084,u022,15000
D04008,2025-11-22,1639.71,u057,u045,15000
D04009,2025-08-23,13764.08,u006,u037,15000
D04010,2025-06-19,2680.01,u067,u035,15000
D04011,2025-05-13,7587.24,u017,u089,15000
D04012,2025-04-02,8620.14,u052,u054,15000
D04013,2025-10-19,998.09,u049,u057,15000
D04014,2025-11-26,11171.56,u061,u037,15000
D04015,2025-04-01,3040.28,u037,x003,15000
D04016,2025-09-16,3718.95,u066,u032,15000
D04017,2025-03-26,8128.67,u057,u025,15000
D04018,2025-10-19,13014.51,u058,u075,15000
D04019,2025-06-23,7937.89,u060,u015,15000
D04020,2025-05-05,7888.35,x006,u017,15000
D04021,2025-08-23,3654.2,u033,u058,15000
D04022,2025-12-14,8171.47,u037,u056,15000
D04023,2025-03-22,2524.36,u046,x005,15000
D04024,2025-07-17,18626.52,u082,u037,15000
D04025,2025-01-02,12313.42,u043,u053,15000
D04026,2025-04-09,5309.08,u062,u014,15000
D04027,2025-05-02,1676.38,u078,u029,15000
D04028,2025-04-11,4675.79,u086,u025,15000
D04029,2025-12-03,6732.72,u002,u059,15000
D04030,2025-10-11,4844.14,u035,u063,15000
D04031,2025-12-22,988.42,u042,u033,15000
D04032,2025-04-19,7603.93,u073,x006,15000
D04033,2025-12-09,10814.14,u036,u028,15000
D04034,2025-07-26,4688.8,u020,u084,15000
D04035,2025-05-22,12093.72,u011,u078,15000
D04036,2025-02-07,10496.62,x003,u008,15000
D04037,2025-08-12,14068.35,u071,u075,15000
D04038,2025-10-18,1756.24,u053,u006,15000
D04039,2025-04-28,466.04,u043,x006,15000
D04040,2025-04-23,53575.75,u013,u007,15000
D04041,2025-03-21,6143.38,u016,u042,15000
D04042,2025-09-13,2395.66,u021,u051,15000
D04043,2025-03-19,12738.17,u010,u074,15000
D04044,2025-11-11,465.95,u034,u009,15000
D04045,2025-10-05,21280.33,u034,u050,15000
D04046,2025-12-25,3060.02,u041,u062,15000
D04047,2025-03-20,12602.92,x006,u071,15000
D04048,2025-01-16,665.66,u028,u078,15000
D04049,2025-05-12,6443.02,u003,u049,15000
D04050,2025-08-03,349.45,u025,u038,15000
D04051,2025-08-19,22270.29,u045,x002,15000
D04052,2025-05-09,9810.87,u059,u042,15000
D04053,2025-09-15,4865.19,x004,u090,15000
D04054,2025-12-15,3782.37,u026,u017,15000
D04055,2025-11-23,1531.56,u054,u042,15000
D04056,2025-01-20,6124.61,u013,u039,15000
D04057,2025-11-21,6933.67,u017,u021,15000
D04058,2025-09-25,1815.97,u033,u015,15000
D04059,2025-04-03,7150.17,u020,u005,15000
D04060,2025-11-21,1402.31,u028,u030,15000
D04061,2025-01-08,3831.43,u061,u027,15000
D04062,2025-11-23,6094.15,x004,u058,15000
D04063,2025-12-07,5293.78,u074,u023,15000
D04064,2025-06-12,2893.28,u021,u027,15000
D04065,2025-04-03,3008.76,u066,u014,15000
D04066,2025-02-26,3501.91,u008,u006,15000
D04067,2025-03-21,5266.88,u062,u003,15000
D04068,2025-06-02,13368.37,u050,u046,15000
D04069,2025-09-13,7762.42,u025,u003,15000
D04070,2025-07-20,5360.52,u022,u087,15000
D04071,2025-06-16,6094.74,u043,u046,15000
D04072,2025-07-19,6074.49,u002,u051,15000
D04073,2025-06-15,6138.98,u067,u003,15000
D04074,2025-02-21,3783.82,u022,u026,15000
D04075,2025-08-07,478.24,u029,x003,15000
D04076,2025-03-06,53280.16,u036,u019,15000
D04077,2025-05-21,7686.9,u074,u007,15000
D04078,2025-06-18,2246.03,u057,u047,15000
D04079,2025-08-23,706.84,u031,u045,15000
D04080,2025-08-24,677.21,x006,u003,15000
D04081,2025-10-27,3807.44,u056,u070,15000
D04082,2025-08-21,975.91,u037,x004,15000
D04083,2025-01-04,8115.59,u015,u003,15000
D04084,2025-03-13,10520.38,u076,u047,15000
D04085,2025-05-25,9576.44,u013,u058,15000
D04086,2025-06-22,41366.03,u058,u052,15000
D04087,2025-11-28,279470.84,u070,u068,15000
D04088,2025-04-24,16156.77,x004,u047,15000
D04089,2025-10-11,11916.34,u079,u031,15000
D04090,2025-05-15,10675.55,u009,u079,15000
D04091,2025-01-13,2298.18,u009,u013,15000
D04092,2025-06-11,3849.62,u018,u089,15000
D04093,2025-04-01,5891.27,u026,u007,15000
D04094,2025-06-22,1576.63,u004,u088,15000
D04095,2025-03-07,18368.35,u035,u030,15000
D04096,2025-10-16,13152.76,u087,u025,15000
D04097,2025-12-04,4233.39,u050,u007,15000
D04098,2025-01-27,1366.91,u085,u021,15000
D04099,2025-07-22,6182.81,u074,u062,15000
D04100,2025-08-01,3465.23,x004,u053,15000
D04101,2025-02-09,13738.98,u079,u051,15000
D04102,2025-04-01,6138.56,u007,u015,15000
D04103,2025-05-24,1807.71,u044,u033,15000
D04104,2025-08-26,1581.43,u057,u037,15000
D04105,2025-05-09,12949.49,u065,u063,15000
D04106,2025-11-08,2944.9,u056,u012,15000
D04107,2025-05-14,13864.53,u028,u062,15000
D04108,2025-12-16,5291.72,u047,u039,15000
D04109,2025-06-11,827.87,u019,u005,15000
D04110,2025-06-28,1443.76,u011,u082,15000
D04111,2025-12-12,4920.84,u079,u073,15000
D04112,2025-07-01,5427.72,u013,u052,15000
D04113,2025-01-05,22942.97,u003,u073,15000
D04114,2025-09-06,23330.35,u090,u013,15000
D04115,2025-01-01,1141.38,u050,u081,15000
D04116,2025-09-22,24822.25,u066,u004,15000
D04117,2025-04-22,9977.75,u024,u028,15000
D04118,2025-03-15,3403.05,u039,u012,15000
D04119,2025-11-24,980.63,u033,u010,15000
D04120,2025-02-26,999.05,u059,u014,15000
D04121,2025-05-06,9702.9,u080,u007,15000
D04122,2025-01-01,2469.86,u051,u038,15000
D04123,2025-02-02,5983.87,u044,u011,15000
D04124,2025-08-02,4094.68,u054,u026,15000
D04125,2025-05-15,2244.71,u028,u080,15000
D04126,2025-02-03,1938.69,u018,u050,15000
D04127,2025-05-10,1841.22,u027,u035,15000
D04128,2025-11-17,21755.55,u028,u077,15000
D04129,2025-01-17,21391.11,x003,u068,15000
D04130,2025-07-16,2019.57,u074,u083,15000
D04131,2025-06-28,1430.57,u035,u048,15000
D04132,2025-05-11,12617.32,u033,u069,15000
D04133,2025-01-28,5558.9,u090,u063,15000
D04134,2025-10-09,2987.09,u032,u059,15000
D04135,2025-12-23,10049.14,u018,u067,15000
D04136,2025-03-26,3808.38,u064,u057,15000
D04137,2025-12-12,3434.53,u065,u060,15000
D04138,2025-03-09,22845.48,u008,u036,15000
D04139,2025-10-18,60508.09,x005,u022,15000
D04140,2025-03-02,2738.92,u014,u022,15000
D04141,2025-12-03,6269.64,u059,u086,15000
D04142,2025-05-20,4131.82,u062,u072,15000
D04143,2025-09-10,3045.61,u021,u055,15000
D04144,2025-10-21,5047.06,u026,u082,15000
D04145,2025-01-06,6737.41,u070,u017,15000
D04146,2025-05-22,5792.31,u066,u006,15000
D04147,2025-01-13,5254.22,u035,u089,15000
D04148,2025-03-20,57808.96,u070,u024,15000
D04149,2025-03-16,884.85,u041,x006,15000
D04150,2025-11-28,4259.15,u021,u053,15000
D04151,2025-11-20,1111.79,u003,u063,15000
D04152,2025-02-03,1771.82,u080,u032,15000
D04153,2025-05-12,59683.09,u058,u027,15000
D04154,2025-02-12,4687.69,u088,u021,15000
D04155,2025-09-22,1967.28,u072,u087,15000
D04156,2025-03-05,4169.63,u088,u041,15000
D04157,2025-04-22,4566.04,u077,u031,15000
D04158,2025-01-12,8992.51,u069,x001,15000
D04159,2025-07-06,5546.23,u048,u033,15000
D04160,2025-04-11,1054.26,u013,u078,15000
D04161,2025-11-16,3494.19,u016,u027,15000
D04162,2025-07-01,6765.58,u051,u001,15000
D04163,2025-05-19,2219.71,u013,u026,15000
D04164,2025-03-10,7609.68,u058,u024,15000
D04165,2025-01-11,2066.77,u048,u021,15000
D04166,2025-11-16,1997.72,u058,u079,15000
D04167,2025-06-10,14435.93,u049,u027,15000
D04168,2025-10-22,1971.43,u019,u009,15000
D04169,2025-02-07,22906.52,u009,u003,15000
D04170,2025-10-21,333.79,u065,u078,15000
D04171,2025-09-26,2518.08,u070,u003,15000
D04172,2025-03-04,5445.78,u072,u058,15000
D04173,2025-01-23,3193.69,u080,u044,15000
D04174,2025-04-20,1937.33,u072,u057,15000
D04175,2025-11-08,5384.24,u005,u017,15000
D04176,2025-10-05,24307.91,u049,u076,15000
D04177,2025-06-28,11849.06,u032,x001,15000
D04178,2025-09-15,1824.8,u027,x003,15000
D04179,2025-05-09,15454.53,u090,u010,15000
D04180,2025-06-19,4694.64,u063,u050,15000
D04181,2025-06-14,17173.71,u067,u027,15000
D04182,2025-08-16,3160.31,u073,u043,15000
D04183,2025-01-07,1914.42,u086,x005,15000
D04184,2025-04-03,21517.12,u010,u034,15000
D04185,2025-08-24,601.34,u069,u016,15000
D04186,2025-06-27,1757.4,u043,x002,15000
D04187,2025-01-25,1386.87,u012,u090,15000
D04188,2025-09-12,2967.35,u035,u023,15000
D04189,2025-04-14,8448.92,u017,u007,15000
D04190,2025-07-07,1557.52,x001,u068,15000
D04191,2025-02-14,18766.23,u003,u081,15000
D04192,2025-05-27,4535.83,u031,u077,15000
D04193,2025-04-15,11907.5,u030,u058,15000
D04194,2025-01-08,6023.02,u071,u081,15000
D04195,2025-09-15,19102.72,x003,x006,15000
D04196,2025-01-14,673.57,u089,u026,15000
D04197,2025-06-24,14654.84,u046,u048,15000
D04198,2025-05-16,11054.57,u081,u055,15000
D04199,2025-01-02,3362.45,u007,u014,15000
D04200,2025-01-05,4975.84,u016,x004,15000
D04201,2025-05-22,6871.42,u035,u055,15000
D04202,2025-03-12,5473.39,u011,u013,15000
D04203,2025-09-15,9696.55,u039,u024,15000
D04204,2025-09-06,11114.22,u088,u004,15000
D04205,2025-11-04,5306.08,u054,u005,15000
D04206,2025-03-10,10867.17,u041,u039,15000
D04207,2025-04-21,4285.54,u010,u015,15000
D04208,2025-05-19,7785.74,u016,u014,15000
D04209,2025-02-27,8359.04,u009,u081,15000
D04210,2025-12-28,2047.49,u067,u077,15000
D04211,2025-12-15,18526.9,u069,u008,15000
D04212,2025-08-14,5856.03,u048,u059,15000
D04213,2025-04-17,5313.58,u078,u032,15000
D04214,2025-10-25,5440.79,u047,u068,15000
D04215,2025-02-11,30768.31,u040,u017,15000
D04216,2025-12-20,6126.74,u063,u055,15000
D04217,2025-11-25,4370.53,u059,x002,15000
D04218,2025-12-22,9210.87,u072,u046,15000
D04219,2025-10-17,99676.48,u083,u052,15000
D04220,2025-07-12,9040.32,u051,u067,15000
D04221,2025-05-19,4296.57,u036,u087,15000
D04222,2025-05-26,1876.92,x001,u044,15000
D04223,2025-09-13,3292.02,u048,u046,15000
D04224,2025-01-16,1930.57,u034,u003,15000
D04225,2025-09-25,9560.41,u014,u087,15000
D04226,2025-04-09,1895.11,u070,u033,15000
D04227,2025-06-06,668.24,u009,u064,15000
D04228,2025-06-08,1654.31,u055,u018,15000
D04229,2025-07-21,8477.79,u037,u002,15000
D04230,2025-06-10,3603.13,u039,u064,15000
D04231,2025-09-06,4521.92,u057,u081,15000
D04232,2025-08-25,13429.07,u072,u042,15000
D04233,2025-06-04,1313.6,u066,u030,15000
D04234,2025-05-10,3012.89,u009,u067,15000
D04235,2025-01-22,1296.99,u029,u056,15000
D04236,2025-05-27,7891.47,u035,u017,15000
D04237,2025-12-25,30454.33,x005,u047,15000
D04238,2025-04-14,2954.71,u080,u085,15000
D04239,2025-03-15,942.04,u090,u065,15000
D04240,2025-03-04,2725.57,u075,u017,15000
D04241,2025-01-11,14132.12,u086,x006,15000
D04242,2025-05-24,8184.53,u059,u028,15000
D04243,2025-04-04,17239.59,u024,u060,15000
D04244,2025-03-04,18504.75,u071,x006,15000
D04245,2025-09-06,9502.68,u002,x001,15000
D04246,2025-07-26,21113.73,u051,u033,15000
D04247,2025-12-12,7133.51,u001,u078,15000
D04248,2025-07-05,1705.1,u070,u035,15000
D04249,2025-08-17,1781.36,u083,x003,15000
D04250,2025-07-26,2235.02,u065,u005,15000
D04251,2025-01-07,3176.56,u006,u063,15000
D04252,2025-08-22,3239.14,u020,u085,15000
D04253,2025-02-08,3199.48,u035,u003,15000
D04254,2025-07-25,18079.09,u060,u090,15000
D04255,2025-02-09,8005.35,u072,u064,15000
D04256,2025-07-15,4835.27,u022,u042,15000
D04257,2025-01-27,2658.19,u014,u083,15000
D04258,2025-08-20,40522.39,u069,u049,15000
D04259,2025-01-16,2883.59,u078,u044,15000
D04260,2025-08-10,19741.54,u069,u026,15000
D04261,2025-12-03,51152.14,x003,u027,15000
D04262,2025-11-04,1944.34,u059,u079,15000
D04263,2025-01-12,1967.55,u018,u063,15000
D04264,2025-12-11,880.66,u045,x003,15000
D04265,2025-06-05,2312.52,u058,u062,15000
D04266,2025-08-28,7209.83,u061,x003,15000
D04267,2025-01-13,49805.81,u075,u032,15000
D04268,2025-07-21,6036.95,u053,u057,15000
D04269,2025-10-22,1477.84,u033,x003,15000
D04270,2025-08-11,2895.92,u020,u030,15000
D04271,2025-06-16,17210.68,u025,u075,15000
D04272,2025-04-23,1297.58,u015,u029,15000
D04273,2025-10-11,26663.47,x005,u062,15000
D04274,2025-10-26,19085.23,u002,u008,15000
D04275,2025-07-27,14096.22,u046,u088,15000
D04276,2025-01-22,12378.75,u070,u072,15000
D04277,2025-06-21,2126.48,u039,u044,15000
D04278,2025-05-19,13347.31,u015,u054,15000
D04279,2025-11-25,1960.21,u029,u038,15000
D04280,2025-03-17,8392.53,u026,u008,15000
D04281,2025-10-17,6448.77,u047,u001,15000
D04282,2025-03-04,12285.42,u051,u026,15000
D04283,2025-02-01,606.87,u080,u077,15000
D04284,2025-11-02,2872.64,u012,u009,15000
D04285,2025-03-07,8146.63,u034,u067,15000
D04286,2025-04-15,10426.19,u074,u048,15000
D04287,2025-08-10,24968.95,u065,x001,15000
D04288,2025-11-15,15426.97,u039,u063,15000
D04289,2025-02-04,6270.82,u075,u074,15000
D04290,2025-03-01,33400.18,u016,u022,15000
D04291,2025-05-19,7567.82,u048,u063,15000
D04292,2025-02-20,1447.12,u032,u008,15000
D04293,2025-04-03,7853.97,u003,u039,15000
D04294,2025-03-24,2918.45,u038,u033,15000
D04295,2025-08-20,2303.26,u064,u063,15000
D04296,2025-09-20,1365.73,u038,u080,15000
D04297,2025-11-20,2767.79,u086,u079,15000
D04298,2025-12-12,6260.08,u009,u002,15000
D04299,2025-05-26,9079.54,u062,u072,15000
D04300,2025-03-06,20376.08,u049,u047,15000
D04301,2025-02-26,4778.8,u049,u006,15000
D04302,2025-03-26,5187.89,u023,u073,15000
D04303,2025-07-08,4949.13,x006,u006,15000
D04304,2025-03-24,4004.05,u051,u044,15000
D04305,2025-10-13,8651.94,u020,u029,15000
D04306,2025-10-02,13796.45,u050,u058,15000
D04307,2025-11-28,5805.03,u039,u028,15000
D04308,2025-07-08,14346.79,u027,u066,15000
D04309,2025-07-27,1317.65,u073,u081,15000
D04310,2025-12-13,7673.01,u038,u039,15000
D04311,2025-02-20,5439.57,u026,u064,15000
D04312,2025-05-16,3612.07,u027,u040,15000
D04313,2025-03-19,61223.38,u002,u027,15000
D04314,2025-03-18,6556.38,u044,u039,15000
D04315,2025-07-02,2250.89,u081,u089,15000
D04316,2025-06-01,15277.93,u074,u055,15000
D04317,2025-12-22,2384.23,u073,u041,15000
D04318,2025-10-23,961.2,u074,u068,15000
D04319,2025-12-15,20488.59,u048,u032,15000
D04320,2025-03-02,3245.98,u079,u011,15000
D04321,2025-03-26,2698.49,u056,u025,15000
D04322,2025-09-16,995.79,u003,u051,15000
D04323,2025-12-27,12776.22,u059,x003,15000
D04324,2025-09-09,9878.15,u086,u003,15000
D04325,2025-03-20,2054.45,u042,u052,15000
D04326,2025-06-01,4375.18,u013,u085,15000
D04327,2025-05-24,2562.45,u042,u061,15000
D04328,2025-04-27,23333.26,u015,u030,15000
D04329,2025-09-25,3464.49,u006,u030,15000
D04330,2025-05-19,517.87,u037,u038,15000
D04331,2025-03-14,8453.58,u034,u064,15000
D04332,2025-04-01,3577.07,u043,u030,15000
D04333,2025-01-26,4863.03,u090,u070,15000
D04334,2025-06-18,3004.26,u082,u020,15000
D04335,2025-03-11,630.42,u079,u008,15000
D04336,2025-04-13,7263.93,u068,u063,15000
D04337,2025-06-05,6574.3,u063,u009,15000
D04338,2025-04-27,21793.04,u049,u025,15000
D04339,2025-12-07,1864.79,u012,u003,15000
D04340,2025-12-05,24591.19,u051,u071,15000
D04341,2025-12-25,21075.81,u068,u065,15000
D04342,2025-07-03,6662.57,u054,u071,15000
D04343,2025-12-08,818.94,u071,u009,15000
D04344,2025-10-27,1972.29,u085,x002,15000
D04345,2025-07-01,7191.38,u010,u048,15000
D04346,2025-11-04,1327.47,u008,u062,15000
D04347,2025-10-25,9719.55,u032,u084,15000
D04348,2025-05-01,628.74,u040,u028,15000
D04349,2025-03-24,11751.57,u057,u073,15000
D04350,2025-09-14,5187.04,u057,u015,15000
D04351,2025-10-10,6755.18,u006,u003,15000
D04352,2025-11-20,38402.54,u086,u003,15000
D04353,2025-07-07,29553.54,u059,u047,15000
D04354,2025-02-08,7213.0,u005,u069,15000
D04355,2025-05-23,9958.72,x004,u032,15000
D04356,2025-12-19,6060.07,u009,u024,15000
D04357,2025-05-08,5035.28,u020,u084,15000
D04358,2025-12-24,5965.14,u031,u059,15000
D04359,2025-01-07,1837.64,u073,x004,15000
D04360,2025-05-19,3416.4,u044,u063,15000
D04361,2025-06-16,9331.82,u018,u003,15000
D04362,2025-10-06,7957.13,u036,u027,15000
D04363,2025-05-18,31676.11,u040,u004,15000
D04364,2025-06-28,13358.67,u018,u030,15000
D04365,2025-02-15,8397.37,u082,u039,15000
D04366,2025-11-26,3264.13,u036,u063,15000
D04367,2025-01-23,3689.66,u026,x002,15000
D04368,2025-07-28,2880.64,u012,u019,15000
D04369,2025-08-10,16336.82,u035,u017,15000
D04370,2025-05-15,18536.22,u059,u005,15000
D04371,2025-07-14,748.57,u006,u011,15000
D04372,2025-02-14,1265.52,u001,u029,15000
D04373,2025-04-20,15023.47,u003,u029,15000
D04374,2025-02-01,1390.4,x004,u023,15000
D04375,2025-12-13,2333.29,u036,u074,15000
D04376,2025-04-16,9118.41,u050,x001,15000
D04377,2025-01-01,3280.91,u058,u029,15000
D04378,2025-06-17,9024.99,x005,u076,15000
D04379,2025-09-01,8873.56,u005,u016,15000
D04380,2025-02-11,2155.01,u071,x004,15000
D04381,2025-12-26,4247.43,u027,u008,15000
D04382,2025-07-15,7172.49,u055,u010,15000
D04383,2025-05-14,19381.15,u017,u050,15000
D04384,2025-10-06,1904.93,u040,u026,15000
D04385,2025-01-08,4180.27,u007,u017,15000
D04386,2025-12-02,8154.37,u050,u046,15000
D04387,2025-08-09,14986.48,u032,u070,15000
D04388,2025-09-22,2101.03,u019,u032,15000
D04389,2025-05-16,2378.77,u021,u058,15000
D04390,2025-06-24,12504.62,u061,u038,15000
D04391,2025-09-06,3504.73,u054,u077,15000
D04392,2025-01-28,2295.6,u006,u051,15000
D04393,2025-06-09,2017.51,u076,u082,15000
D04394,2025-08-21,3836.2,u057,u056,15000
D04395,2025-07-05,989.81,u086,u040,15000
D04396,2025-11-17,20956.54,u068,u060,15000
D04397,2025-01-16,5952.88,u027,u045,15000
D04398,2025-08-17,4166.73,u084,u065,15000
D04399,2025-11-08,2425.72,u078,u053,15000
D04400,2025-04-15,2380.28,u077,u076,15000
D04401,2025-01-23,6409.75,u030,u006,15000
D04402,2025-10-16,4466.47,u026,u034,15000
D04403,2025-10-12,10282.38,u035,x002,15000
D04404,2025-07-12,2958.57,u021,x002,15000
D04405,2025-03-07,2388.02,u059,u044,15000
D04406,2025-09-14,3076.75,u007,u037,15000
D04407,2025-09-17,1835.03,u066,u058,15000
D04408,2025-02-16,23654.36,u010,u045,15000
D04409,2025-07-02,7966.68,u020,u008,15000
D04410,2025-12-25,3959.9,u090,u029,15000
D04411,2025-09-01,10021.3,u028,u065,15000
D04412,2025-07-08,10131.54,u089,u008,15000
D04413,2025-08-28,54104.39,u068,u048,15000
D04414,2025-01-12,20282.09,u071,u055,15000
D04415,2025-04-24,30443.4,u001,u028,15000
D04416,2025-04-14,17455.68,u047,u027,15000
D04417,2025-11-10,6341.76,u045,x005,15000
D04418,2025-04-05,6469.98,u057,u027,15000
D04419,2025-06-02,29416.45,u012,u015,15000
D04420,2025-09-06,31432.45,u048,x004,15000
D04421,2025-03-21,2856.58,u016,u079,15000
D04422,2025-10-24,2889.61,u083,u055,15000
D04423,2025-04-05,3314.18,u061,u074,15000
D04424,2025-09-11,4758.18,u056,u044,15000
D04425,2025-03-14,3263.2,u009,u010,15000
D04426,2025-04-11,3242.41,u084,u066,15000
D04427,2025-01-19,3831.67,u075,u059,15000
D04428,2025-03-12,12922.96,u020,u047,15000
D04429,2025-10-07,1418.34,u041,u065,15000
D04430,2025-10-15,2256.73,u034,u072,15000
D04431,2025-06-25,29374.32,u032,u001,15000
D04432,2025-02-22,8326.85,u015,u082,15000
D04433,2025-10-14,15891.19,u043,u019,15000
D04434,2025-04-27,72851.52,u088,u023,15000
D04435,2025-01-03,2007.8,u051,u002,15000
D04436,2025-12-28,1662.97,u062,u008,15000
D04437,2025-01-25,4704.26,u054,u005,15000
D04438,2025-08-18,5515.29,u029,u052,15000
D04439,2025-11-01,971.63,u054,u087,15000
D04440,2025-12-03,12105.06,u086,x001,15000
D04441,2025-01-22,12048.23,u080,u035,15000
D04442,2025-02-10,11444.42,u065,u074,15000
D04443,2025-09-20,2055.14,u008,u076,15000
D04444,2025-01-19,2620.93,u007,u046,15000
D04445,2025-02-24,1356.86,u008,u016,15000
D04446,2025-04-15,2443.96,u006,u077,15000
D04447,2025-06-10,8678.92,x001,u014,15000
D04448,2025-10-04,4232.98,u038,x005,15000
D04449,2025-06-22,5991.63,u015,u057,15000
D04450,2025-11-22,13394.51,u064,u061,15000
D04451,2025-12-22,14502.75,u056,u038,15000
D04452,2025-11-24,28183.62,u050,u064,15000
D04453,2025-05-08,2860.49,x005,u057,15000
D04454,2025-06-05,2967.8,u076,u029,15000
D04455,2025-04-08,1524.75,u070,u032,15000
D04456,2025-09-17,10577.63,u021,u046,15000
D04457,2025-01-13,1428.59,x002,u084,15000
D04458,2025-02-21,12180.85,u033,u088,15000
D04459,2025-09-21,1225.85,u035,u077,15000
D04460,2025-09-07,31133.83,u058,u010,15000
D04461,2025-07-28,9119.85,u006,u048,15000
D04462,2025-03-27,18774.81,u057,u089,15000
D04463,2025-06-20,4213.39,u056,u007,15000
D04464,2025-09-14,62068.95,u051,u079,15000
D04465,2025-02-03,38952.42,u024,u014,15000
D04466,2025-11-19,9216.11,u048,u039,15000
D04467,2025-02-28,747.19,u086,x005,15000
D04468,2025-04-22,15015.05,u025,u006,15000
D04469,2025-11-14,4767.4,u015,u086,15000
D04470,2025-06-16,10577.08,u044,u016,15000
D04471,2025-05-04,6312.16,u076,u040,15000
D04472,2025-05-25,7721.42,u021,u024,15000
D04473,2025-07-08,12600.89,u047,u065,15000
D04474,2025-08-19,6065.96,u076,u020,15000
D04475,2025-11-19,6227.91,x003,u060,15000
D04476,2025-10-26,885.33,u078,u018,15000
D04477,2025-11-21,19026.42,u076,u065,15000
D04478,2025-10-10,8287.68,u082,u043,15000
D04479,2025-06-05,9097.82,u039,u023,15000
D04480,2025-04-16,12488.15,u027,u018,15000
D04481,2025-04-16,2645.24,u034,u007,15000
D04482,2025-03-18,3066.07,u013,u046,15000
D04483,2025-08-05,3946.01,u022,u030,15000
D04484,2025-05-13,5257.46,u040,u070,15000
D04485,2025-09-17,3976.99,u066,u023,15000
D04486,2025-07-02,14864.47,u064,u010,15000
D04487,2025-04-24,3367.37,u018,u054,15000
D04488,2025-10-20,9739.2,u053,u059,15000
D04489,2025-10-09,2913.35,u055,u066,15000
D04490,2025-12-01,9905.32,u026,u022,15000
D04491,2025-12-06,5265.06,u062,u061,15000
D04492,2025-02-10,2794.47,u003,u044,15000
D04493,2025-10-23,857.57,u021,u070,15000
D04494,2025-05-01,6012.77,u031,u066,15000
D04495,2025-08-09,9339.74,u067,u021,15000
D04496,2025-01-08,37941.47,u064,u029,15000
D04497,2025-06-16,12057.73,u089,u035,15000
D04498,2025-04-09,6910.85,u041,u021,15000
D04499,2025-03-07,2670.85,u036,u067,15000
D04500,2025-04-22,6874.64,u043,u007,15000
D04501,2025-10-09,9721.22,u032,u019,15000
D04502,2025-07-21,25989.26,u007,u089,15000
D04503,2025-01-23,13794.79,x003,u005,15000
D04504,2025-02-28,2337.5,u077,u036,15000
D04505,2025-01-16,12874.06,u027,u049,15000
D04506,2025-09-07,10113.97,u089,u046,15000
D04507,2025-01-18,2288.15,u019,u009,15000
D04508,2025-03-15,1339.5,u088,u039,15000
D04509,2025-05-27,21763.04,u066,u065,15000
D04510,2025-07-14,10567.88,u086,u026,15000
D04511,2025-06-08,21933.82,u088,u027,15000
D04512,2025-04-01,385.41,u038,u065,15000
D04513,2025-05-06,13623.04,u066,u032,15000
D04514,2025-05-06,222.6,u018,u034,15000
D04515,2025-02-02,4949.41,u053,u022,15000
D04516,2025-04-10,3850.69,u037,u040,15000
D04517,2025-04-26,7307.12,u002,u058,15000
D04518,2025-04-24,8964.7,u060,u088,15000
D04519,2025-10-05,1210.59,x006,u037,15000
D04520,2025-06-09,2956.36,u084,u040,15000
D04521,2025-07-20,34008.44,x001,u049,15000
D04522,2025-08-03,4421.74,x002,u020,15000
D04523,2025-05-12,6240.11,u021,u059,15000
D04524,2025-12-26,2752.78,u088,u072,15000
D04525,2025-09-13,9127.83,u039,u058,15000
D04526,2025-08-24,1368.27,u036,x004,15000
D04527,2025-10-23,62932.73,u017,u054,15000
D04528,2025-03-21,10454.29,u017,u013,15000
D04529,2025-10-02,2327.49,u018,u009,15000
D04530,2025-03-19,4182.48,u036,u043,15000
D04531,2025-12-02,2268.64,u051,u007,15000
D04532,2025-12-11,1530.48,u037,u028,15000
D04533,2025-08-03,14529.9,u048,u086,15000
D04534,2025-06-18,8811.37,u044,u071,15000
D04535,2025-03-17,12358.79,u060,u042,15000
D04536,2025-11-25,2947.18,u031,u049,15000
D04537,2025-08-03,5720.19,u038,u001,15000
D04538,2025-02-10,5376.25,u058,u041,15000
D04539,2025-04-14,19757.11,u071,u085,15000
D04540,2025-08-01,3474.05,u073,x003,15000
D04541,2025-12-06,17232.19,u019,u022,15000
D04542,2025-12-13,9099.7,u007,u052,15000
D04543,2025-07-12,10128.36,u028,u086,15000
D04544,2025-04-18,6000.78,u089,u009,15000
D04545,2025-01-05,7232.82,u074,u023,15000
D04546,2025-11-08,4971.52,u008,u043,15000
D04547,2025-08-02,10854.72,u039,u075,15000
D04548,2025-08-08,4515.69,u056,u086,15000
D04549,2025-08-21,902.6,u082,u006,15000
D04550,2025-12-13,25328.91,u033,u043,15000
D04551,2025-02-22,1944.4,u049,u010,15000
D04552,2025-07-28,1103.68,x004,u070,15000
D04553,2025-11-03,1259.16,u076,u011,15000
D04554,2025-07-17,6436.54,u035,u082,15000
D04555,2025-11-05,1055.88,u009,u077,15000
D04556,2025-08-18,4809.5,u057,u071,15000
D04557,2025-12-16,5612.31,u062,u001,15000
D04558,2025-07-21,19567.13,u076,u047,15000
D04559,2025-08-23,15901.74,x005,u084,15000
D04560,2025-03-07,8667.67,u030,u044,15000
D04561,2025-09-14,12067.05,u033,u030,15000
D04562,2025-02-03,9310.49,u055,u018,15000
D04563,2025-03-26,2234.27,u083,u040,15000
D04564,2025-06-17,17649.82,u017,u024,15000
D04565,2025-06-09,3943.31,u054,u064,15000
D04566,2025-08-10,36169.42,u014,u005,15000
D04567,2025-12-16,4354.61,u029,u052,15000
D04568,2025-01-11,12280.68,u001,u063,15000
D04569,2025-09-04,6769.18,u023,x003,15000
D04570,2025-11-03,3465.8,u089,u076,15000
D04571,2025-12-27,4562.23,u040,u011,15000
D04572,2025-11-02,16864.57,u012,u019,15000
D04573,2025-08-20,1130.4,u017,u037,15000
D04574,2025-06-17,2604.42,u076,u030,15000
D04575,2025-06-15,19973.23,u065,x002,15000
D04576,2025-07-09,2427.42,u006,u061,15000
D04577,2025-09-07,1193.55,u025,u056,15000
D04578,2025-05-28,4041.51,u060,u084,15000
D04579,2025-08-24,7832.53,u086,u024,15000
D04580,2025-07-16,2844.2,u038,u073,15000
D04581,2025-03-08,21212.79,u070,u061,15000
D04582,2025-10-17,17091.13,u002,u062,15000
D04583,2025-03-22,4493.82,u066,u070,15000
D04584,2025-08-17,3893.23,x001,u020,15000
D04585,2025-11-28,587.5,u031,u079,15000
D04586,2025-05-24,7028.22,u059,u033,15000
D04587,2025-11-26,2154.22,u003,u049,15000
D04588,2025-08-26,3352.39,u004,x002,15000
D04589,2025-02-21,2522.29,u070,x004,15000
D04590,2025-07-23,1047.1,u083,u004,15000
D04591,2025-06-25,10160.06,u073,x002,15000
D04592,2025-04-24,3823.47,u086,u084,15000
D04593,2025-09-17,7530.02,u085,u055,15000
D04594,2025-06-01,2720.61,x003,u059,15000
D04595,2025-11-16,14643.21,x004,u015,15000
D04596,2025-10-11,5298.36,u077,x005,15000
D04597,2025-06-04,9369.77,u075,u040,15000
D04598,2025-04-08,15883.44,u055,u018,15000
D04599,2025-04-04,4900.38,u085,u003,15000
D04600,2025-05-05,1216.35,u007,u015,15000
D04601,2025-09-03,5088.53,u018,u012,15000
D04602,2025-09-14,15032.96,u010,u048,15000
D04603,2025-08-16,12586.68,u025,u031,15000
D04604,2025-01-17,3668.53,u072,u006,15000
D04605,2025-11-27,3640.9,u035,u034,15000
D04606,2025-09-23,2474.52,u060,u076,15000
D04607,2025-06-11,3334.25,u010,u055,15000
D04608,2025-01-08,9469.97,u040,u016,15000
D04609,2025-04-07,2978.68,u086,u087,15000
D04610,2025-03-26,26376.1,u004,u090,15000
D04611,2025-05-04,42764.13,u061,u043,15000
D04612,2025-10-02,3874.87,u055,u003,15000
D04613,2025-03-19,2085.43,u090,u022,15000
D04614,2025-08-28,6211.46,u036,u017,15000
D04615,2025-08-17,880.95,u069,u061,15000
D04616,2025-06-09,11708.5,u046,u073,15000
D04617,2025-04-07,4467.3,u038,u031,15000
D04618,2025-07-08,3987.55,u085,u014,15000
D04619,2025-01-11,22695.57,u020,x001,15000
D04620,2025-08-07,8162.38,u048,u036,15000
D04621,2025-10-23,3759.62,u028,u031,15000
D04622,2025-01-17,3289.02,u047,u036,15000
D04623,2025-02-21,6767.69,u028,u070,15000
D04624,2025-10-25,3262.46,u065,u014,15000
D04625,2025-08-07,31940.2,u031,u021,15000
D04626,2025-02-17,4958.51,u005,x001,15000
D04627,2025-12-11,7204.95,u077,u055,15000
D04628,2025-04-18,15685.08,u022,u056,15000
D04629,2025-07-24,1483.4,u062,u080,15000
D04630,2025-04-14,16800.46,u035,u003,15000
D04631,2025-07-02,1806.79,u079,u051,15000
D04632,2025-01-04,3587.64,u036,u083,15000
D04633,2025-01-02,20042.05,u024,u066,15000
D04634,2025-06-13,51746.92,u051,u049,15000
D04635,2025-02-21,20173.6,u075,u060,15000
D04636,2025-04-28,4349.44,u038,u077,15000
D04637,2025-11-17,2898.43,u082,u079,15000
D04638,2025-05-24,8015.35,u058,u032,15000
D04639,2025-11-02,4500.55,u028,u007,15000
D04640,2025-04-26,5361.92,u032,u077,15000
D04641,2025-07-11,30921.56,u028,u021,15000
D04642,2025-10-19,3410.43,u073,u009,15000
D04643,2025-06-18,5652.36,u035,u070,15000
D04644,2025-07-07,6515.95,u087,u049,15000
D04645,2025-12-10,2621.57,u022,u053,15000
D04646,2025-09-07,2984.4,u084,u068,15000
D04647,2025-10-27,939.98,u060,u040,15000
D04648,2025-08-08,13591.75,u043,u027,15000
D04649,2025-10-06,4708.96,u063,u047,15000
D04650,2025-06-19,4406.3,u032,u063,15000
D04651,2025-05-06,30948.18,u052,u088,15000
D04652,2025-03-27,2986.46,u006,u075,15000
D04653,2025-03-02,6864.85,u077,u019,15000
D04654,2025-05-11,1074.77,u062,u003,15000
D04655,2025-04-26,3782.86,u020,u053,15000
D04656,2025-12-04,3727.23,u066,u071,15000
D04657,2025-05-01,1928.5,u021,u048,15000
D04658,2025-03-07,11493.68,u035,u084,15000
D04659,2025-10-24,4167.12,x004,u022,15000
D04660,2025-04-01,12017.09,u062,u077,15000
D04661,2025-08-03,11045.82,u015,u068,15000
D04662,2025-02-20,2506.21,u053,u032,15000
D04663,2025-12-01,17020.1,u039,u006,15000
D04664,2025-10-19,2396.69,u038,u065,15000
D04665,2025-09-17,2432.41,u058,u083,15000
D04666,2025-05-23,26935.92,u030,u045,15000
D04667,2025-04-20,2343.11,u064,u075,15000
D04668,2025-07-04,1681.44,u074,u053,15000
D04669,2025-12-24,3002.32,u031,u036,15000
D04670,2025-01-18,9369.78,u046,u052,15000
D04671,2025-05-15,12303.95,u089,u006,15000
D04672,2025-07-01,7704.84,x004,u064,15000
D04673,2025-10-06,7141.92,x002,u075,15000
D04674,2025-03-28,658.47,u035,u027,15000
D04675,2025-09-25,10855.67,u010,u052,15000
D04676,2025-01-22,15917.67,u072,u024,15000
D04677,2025-10-13,16726.8,u025,u085,15000
D04678,2025-04-14,1606.9,u024,u037,15000
D04679,2025-10-05,55671.14,u076,u012,15000
D04680,2025-03-23,8245.6,u090,u047,15000
D04681,2025-11-27,2915.76,u048,u008,15000
D04682,2025-08-06,15790.31,u039,u019,15000
D04683,2025-08-22,19225.51,u065,u049,15000
D04684,2025-10-09,5738.7,u027,u036,15000
D04685,2025-04-07,4262.29,u042,u028,15000
D04686,2025-06-06,11060.1,u062,u053,15000
D04687,2025-08-04,4935.77,u071,u087,15000
D04688,2025-10-24,804.63,u050,u088,15000
D04689,2025-09-22,3919.77,u079,u084,15000
D04690,2025-10-09,6434.08,u068,u079,15000
D04691,2025-10-17,1657.97,u068,u059,15000
D04692,2025-04-23,8983.53,u013,x005,15000
D04693,2025-12-21,3839.35,u079,u015,15000
D04694,2025-07-04,3797.42,u029,u078,15000
D04695,2025-02-11,5459.56,u005,u013,15000
D04696,2025-01-04,3423.31,u005,u081,15000
D04697,2025-10-22,3687.88,u026,u083,15000
D04698,2025-08-12,629.23,u002,u029,15000
D04699,2025-03-18,1912.95,u079,x003,15000
D04700,2025-10-19,2244.35,u021,u003,15000
D04701,2025-08-27,2123.99,u053,u059,15000
D04702,2025-01-20,5142.76,u084,u004,15000
D04703,2025-03-05,11161.09,u049,u029,15000
D04704,2025-09-25,1182.27,u019,u066,15000
D04705,2025-10-12,10290.8,u010,x001,15000
D04706,2025-04-10,2380.62,u008,u016,15000
D04707,2025-11-27,10563.49,u085,u069,15000
D04708,2025-08-13,13762.55,u017,u081,15000
D04709,2025-08-07,8890.22,u081,u030,15000
D04710,2025-05-26,4722.93,u057,u018,15000
D04711,2025-08-08,8471.3,x002,u015,15000
D04712,2025-08-20,2743.63,u079,u004,15000
D04713,2025-10-20,3066.68,u070,u036,15000
D04714,2025-04-27,2531.94,u014,u085,15000
D04715,2025-12-28,6663.62,u023,u071,15000
D04716,2025-03-09,6218.16,u039,u081,15000
D04717,2025-09-23,5565.98,u054,u071,15000
D04718,2025-03-05,20177.97,u007,u085,15000
D04719,2025-03-03,19936.97,u001,u083,15000
D04720,2025-02-20,3284.04,u012,u065,15000
D04721,2025-02-06,22010.76,u066,u043,15000
D04722,2025-06-01,2717.04,u090,u035,15000
D04723,2025-12-28,18222.55,u050,u001,15000
D04724,2025-05-20,5411.7,u032,u021,15000
D04725,2025-12-14,829.82,u004,u014,15000
D04726,2025-05-13,3150.98,u079,x006,15000
D04727,2025-03-03,23840.61,u048,u025,15000
D04728,2025-01-14,843.68,u077,u016,15000
D04729,2025-02-11,3846.59,u066,u052,15000
D04730,2025-06-08,1806.56,u075,u066,15000
D04731,2025-12-02,2722.79,u017,u032,15000
D04732,2025-06-15,2115.49,u015,u064,15000
D04733,2025-09-25,7899.42,u075,u032,15000
D04734,2025-01-13,1737.17,u087,u055,15000
D04735,2025-10-23,6616.66,u082,u084,15000
D04736,2025-09-05,67549.48,u047,x003,15000
D04737,2025-02-19,4574.88,u027,u059,15000
D04738,2025-10-02,6956.28,u041,u022,15000
D04739,2025-03-13,4420.33,u020,u065,15000
D04740,2025-01-14,1839.12,u012,u009,15000
D04741,2025-11-12,14186.73,u061,u006,15000
D04742,2025-04-14,6546.77,u036,u086,15000
D04743,2025-09-08,16701.75,u001,u065,15000
D04744,2025-05-19,1686.62,u058,u083,15000
D04745,2025-05-13,13371.79,u023,u061,15000
D04746,2025-04-25,1895.83,u001,u018,15000
D04747,2025-07-25,2589.91,u061,x002,15000
D04748,2025-09-20,19670.02,u002,x001,15000
D04749,2025-01-17,9855.19,u033,u076,15000
D04750,2025-10-23,3092.09,u027,u051,15000
D04751,2025-10-27,21456.07,u003,u018,15000
D04752,2025-09-24,9661.52,u067,u002,15000
D04753,2025-01-21,27590.56,u012,u079,15000
D04754,2025-03-17,19845.86,x005,u027,15000
D04755,2025-06-21,5673.69,u032,u072,15000
D04756,2025-05-20,7689.12,u015,u073,15000
D04757,2025-02-15,2522.29,u074,u005,15000
D04758,2025-02-19,3689.51,u052,u077,15000
D04759,2025-06-15,5225.2,u061,u068,15000
D04760,2025-04-23,12709.93,u075,u001,15000
D04761,2025-07-06,3495.59,u016,u026,15000
D04762,2025-07-06,1902.53,u089,u036,15000
D04763,2025-03-16,19734.96,u018,x003,15000
D04764,2025-12-25,3038.43,u051,u003,15000
D04765,2025-06-07,6247.59,u011,u046,15000
D04766,2025-08-01,10974.43,u023,u018,15000
D04767,2025-08-03,27015.55,u059,u083,15000
D04768,2025-12-09,5147.02,u047,u046,15000
D04769,2025-05-06,7829.57,u053,u031,15000
D04770,2025-06-05,5649.02,u035,u017,15000
D04771,2025-06-14,4917.32,u037,u059,15000
D04772,2025-06-26,6852.12,u087,u024,15000
D04773,2025-10-09,8761.95,u088,u087,15000
D04774,2025-11-21,7920.46,u001,u055,15000
D04775,2025-08-18,6144.92,u088,u069,15000
D04776,2025-06-22,368.89,u079,u053,15000
D04777,2025-04-19,1768.17,u055,u013,15000
D04778,2025-04-16,14505.85,u043,x002,15000
D04779,2025-05-07,1726.5,u089,u002,15000
D04780,2025-03-11,1987.22,u034,u008,15000
D04781,2025-08-08,8448.34,u076,u058,15000
D04782,2025-08-20,3995.27,x006,u029,15000
D04783,2025-04-23,2221.18,u089,u086,15000
D04784,2025-05-16,19627.19,u027,u055,15000
D04785,2025-07-04,14854.36,u077,u078,15000
D04786,2025-07-24,4852.71,u087,u080,15000
D04787,2025-05-08,14117.93,u039,u048,15000
D04788,2025-10-05,1319.06,u079,u014,15000
D04789,2025-09-23,104086.44,u021,u053,15000
D04790,2025-09-27,2877.73,x004,u024,15000
D04791,2025-10-27,6528.1,u087,u011,15000
D04792,2025-09-22,7996.34,x005,u051,15000
D04793,2025-10-11,889.8,u088,u027,15000
D04794,2025-07-02,11020.48,u006,u082,15000
D04795,2025-06-10,3909.67,u007,u086,15000
D04796,2025-02-02,2643.59,u084,u034,15000
D04797,2025-01-22,9665.01,u065,u037,15000
D04798,2025-09-09,2167.6,u069,u024,15000
D04799,2025-03-11,26085.82,u051,u033,15000
D04800,2025-10-22,719.26,u023,u034,15000
D04801,2025-11-14,3402.95,u068,u082,15000
D04802,2025-05-02,3027.55,u031,u012,15000
D04803,2025-01-03,9841.58,u063,u010,15000
D04804,2025-07-07,4744.31,u059,u024,15000
D04805,2025-04-11,4182.24,u047,u028,15000
D04806,2025-04-03,1106.64,u009,u066,15000
D04807,2025-08-02,6060.99,u009,x006,15000
D04808,2025-09-14,3724.53,u023,u003,15000
D04809,2025-10-11,1485.81,u019,u012,15000
D04810,2025-05-10,2655.43,u050,x004,15000
D04811,2025-02-12,9481.74,x003,u089,15000
D04812,2025-12-19,2089.96,u068,u013,15000
